dataset,samples,eer,auc,acc,multiclass_acc
DF,94032,8.3249,0.976289,92.1622,88.6539
LA,24388,6.2967,0.984731,94.526,56.5155
PA,119070,16.2302,0.909492,88.6613,44.8383
RealWorld,17084,16.1434,0.923634,77.6809,77.8916
