dataset,samples,eer,auc,acc,multiclass_acc
DF,94032,8.3298,0.976289,92.1644,88.6581
LA,24388,6.2967,0.984731,94.526,56.5196
PA,119070,16.2346,0.90949,88.6613,44.8408
RealWorld,17084,16.1434,0.92363,77.6809,77.8974
