{
  "filename": "trump_f2.wav",
  "filepath": "E:\\FYP\\testing_audios\\trump_f2.wav",
  "prediction": "FAKE",
  "confidence": 0.9999997615814209,
  "spoof_prob": 0.9999997615814209,
  "threshold": 0.5,
  "attack_type": "conversion",
  "attack_type_idx": 2,
  "attack_type_conf": 0.9437212944030762,
  "attack_probs": [
    3.1203555408865213e-05,
    0.056247491389513016,
    0.9437212944030762,
    1.2189509689434445e-14
  ],
  "n_chunks": 24,
  "env_features": {
    "rt60": 44.032,
    "drr": 0.5157901048660278,
    "snr": 16.93853187561035,
    "background_level": -36.94024658203125,
    "silence_ratio": 0.10029749256268593,
    "spectral_tilt": -0.9907376742164508,
    "spectral_flatness": 0.02969302609562874,
    "spectral_rolloff": 2965.692068635784,
    "cleanliness_score": 0.0,
    "high_freq_content": 0.003529997542500496,
    "background_consistency": 0.5968934297561646,
    "env_stability": 1.0
  },
  "env_reasons": [
    "Background consistency is low (0.60) \u2192 suggests edits or inconsistent environment."
  ],
  "spec_reasons": [
    "Chunk consistency: spoof prob range [1.000, 1.000] across 24 chunks.",
    "Chunk scores are consistent \u2192 model decision is stable across the file."
  ],
  "overall_explanation": "Model predicts FAKE (spoof_prob=1.000). Most likely attack type: conversion (conf=0.944)."
}