{
  "filename": "trump_f1.wav",
  "filepath": "E:\\FYP\\testing_audios\\trump_f1.wav",
  "prediction": "FAKE",
  "confidence": 1.0,
  "spoof_prob": 1.0,
  "decision_score": 1.0,
  "pooling": "pct_vote",
  "spoof_prob_mean": 0.9993226528167725,
  "spoof_prob_median": 1.0,
  "spoof_prob_trimmed": 0.9999832510948181,
  "spoof_prob_logit_mean": 1.0,
  "pct_chunks_above_chunk_threshold": 1.0,
  "threshold": 0.65,
  "effective_threshold": 0.7,
  "chunk_threshold": 0.65,
  "vote_threshold": 0.7,
  "attack_type": "conversion",
  "attack_type_idx": 2,
  "attack_type_conf": 0.8243124485015869,
  "attack_probs": [
    0.0015198580222204328,
    0.17416757345199585,
    0.8243124485015869,
    2.0873026918000193e-10
  ],
  "n_chunks": 41,
  "n_chunks_total": 48,
  "n_chunks_used": 41,
  "vad_min_speech_ratio": 0.4,
  "vad_rms_percentile": 50.0,
  "vad_mode": "file_percentile",
  "vad_db_threshold": -45.0,
  "vad_fallback_all": false,
  "speech_ratio_mean_used": 0.5131682987652819,
  "speech_ratio_median_used": 0.5037406483790524,
  "vad_file_rms_threshold": 0.030693335458636284,
  "chunk_spoof_min": 0.9776071906089783,
  "chunk_spoof_p05": 0.9991047978401184,
  "chunk_spoof_p50": 1.0,
  "chunk_spoof_p95": 1.0,
  "chunk_spoof_max": 1.0,
  "chunk_spoof_std": 0.00347185623832047,
  "chunk_rt60_min": 0.0,
  "chunk_rt60_med": 0.0,
  "chunk_rt60_max": 0.0,
  "chunk_snr_min": 9.000175476074219,
  "chunk_snr_med": 15.820493698120117,
  "chunk_snr_max": 32.745548248291016,
  "chunk_silence_ratio_min": 0.0,
  "chunk_silence_ratio_med": 0.1031746044754982,
  "chunk_silence_ratio_max": 0.1031746044754982,
  "env_features": {
    "rt60": 0.0,
    "drr": 0.3018999695777893,
    "snr": 15.820493698120117,
    "background_level": -36.09665298461914,
    "silence_ratio": 0.1031746044754982,
    "spectral_tilt": -0.8938030004501343,
    "spectral_flatness": 0.029614588245749474,
    "spectral_rolloff": 2949.3427734375,
    "cleanliness_score": 0.0,
    "high_freq_content": 0.004032427910715342,
    "background_consistency": 0.6055200099945068,
    "env_stability": 1.0
  },
  "env_reasons": [
    "RT60 \u2248 0.0s \u2192 little/no measurable reverberation (can indicate synthetic or heavily processed audio)."
  ],
  "spec_reasons": [
    "Chunk consistency: spoof prob range [0.978, 1.000] across 41 chunks.",
    "Chunk scores are consistent \u2192 model decision is stable across the file.",
    "Pooling=pct_vote: mean=0.999, median=1.000, trimmed=1.000, logit_mean=1.000, pct_over_chunk_threshold=1.000",
    "VAD(file_percentile) kept 41/48 chunks (min speech ratio=0.40).",
    "pct_vote thresholds: chunk_threshold=0.650, vote_threshold=0.700."
  ],
  "overall_explanation": "Model predicts FAKE (decision_score=1.000, pooling=pct_vote, threshold=0.700). Most likely attack type: conversion (conf=0.824)."
}