{
  "filename": "trump_r4.wav",
  "filepath": "E:\\FYP\\testing_audios\\trump_r4.wav",
  "prediction": "REAL",
  "confidence": 0.7729468599033816,
  "spoof_prob": 0.22705314009661837,
  "decision_score": 0.22705314009661837,
  "pooling": "pct_vote",
  "spoof_prob_mean": 0.2779509425163269,
  "spoof_prob_median": 0.056106917560100555,
  "spoof_prob_trimmed": 0.22624686360359192,
  "spoof_prob_logit_mean": 0.09600830078125,
  "pct_chunks_above_chunk_threshold": 0.22705314009661837,
  "threshold": 0.65,
  "effective_threshold": 0.7,
  "chunk_threshold": 0.65,
  "vote_threshold": 0.7,
  "attack_type": "bonafide",
  "attack_type_idx": 0,
  "attack_type_conf": 0.7074811458587646,
  "attack_probs": [
    0.7074811458587646,
    0.19388429820537567,
    0.09236572682857513,
    0.006269384641200304
  ],
  "n_chunks": 414,
  "n_chunks_total": 677,
  "n_chunks_used": 414,
  "vad_min_speech_ratio": 0.4,
  "vad_rms_percentile": 50.0,
  "vad_mode": "file_percentile",
  "vad_db_threshold": -45.0,
  "vad_fallback_all": false,
  "speech_ratio_mean_used": 0.6608237859457635,
  "speech_ratio_median_used": 0.5972568578553616,
  "vad_file_rms_threshold": 0.011035937815904617,
  "chunk_spoof_min": 1.936852385142629e-07,
  "chunk_spoof_p05": 5.051145126344636e-05,
  "chunk_spoof_p50": 0.056106917560100555,
  "chunk_spoof_p95": 0.974441647529602,
  "chunk_spoof_max": 1.0,
  "chunk_spoof_std": 0.35720592737197876,
  "chunk_rt60_min": 0.0,
  "chunk_rt60_med": 0.0,
  "chunk_rt60_max": 0.0,
  "chunk_snr_min": 1.3843178749084473,
  "chunk_snr_med": 13.62343978881836,
  "chunk_snr_max": 35.24442672729492,
  "chunk_silence_ratio_min": 0.1031746044754982,
  "chunk_silence_ratio_med": 0.1031746044754982,
  "chunk_silence_ratio_max": 0.1031746044754982,
  "env_features": {
    "rt60": 0.0,
    "drr": 0.24438831210136414,
    "snr": 13.62343978881836,
    "background_level": -42.30817413330078,
    "silence_ratio": 0.1031746044754982,
    "spectral_tilt": -0.49129658937454224,
    "spectral_flatness": 0.05057048797607422,
    "spectral_rolloff": 3919.3017578125,
    "cleanliness_score": 0.0,
    "high_freq_content": 0.022901777178049088,
    "background_consistency": 0.7668637633323669,
    "env_stability": 1.0
  },
  "env_reasons": [
    "RT60 \u2248 0.0s \u2192 little/no measurable reverberation (can indicate synthetic or heavily processed audio)."
  ],
  "spec_reasons": [
    "Chunk consistency: spoof prob range [0.000, 1.000] across 414 chunks.",
    "Chunk scores vary a lot \u2192 the model is uncertain or the audio contains mixed-quality segments.",
    "Pooling=pct_vote: mean=0.278, median=0.056, trimmed=0.226, logit_mean=0.096, pct_over_chunk_threshold=0.227",
    "VAD(file_percentile) kept 414/677 chunks (min speech ratio=0.40).",
    "pct_vote thresholds: chunk_threshold=0.650, vote_threshold=0.700."
  ],
  "overall_explanation": "Model predicts REAL (bonafide) with confidence=0.773 (pooling=pct_vote, threshold=0.700)."
}