{
  "filename": "trump_r5.wav",
  "filepath": "E:\\FYP\\testing_audios\\trump_r5.wav",
  "prediction": "REAL",
  "confidence": 0.475,
  "spoof_prob": 0.525,
  "decision_score": 0.525,
  "pooling": "pct_vote",
  "spoof_prob_mean": 0.5573225021362305,
  "spoof_prob_median": 0.7270053625106812,
  "spoof_prob_trimmed": 0.5714028477668762,
  "spoof_prob_logit_mean": 0.74755859375,
  "pct_chunks_above_chunk_threshold": 0.525,
  "threshold": 0.65,
  "effective_threshold": 0.7,
  "chunk_threshold": 0.65,
  "vote_threshold": 0.7,
  "attack_type": "bonafide",
  "attack_type_idx": 0,
  "attack_type_conf": 0.499248206615448,
  "attack_probs": [
    0.499248206615448,
    0.13740947842597961,
    0.3633396029472351,
    2.6234158667648444e-06
  ],
  "n_chunks": 440,
  "n_chunks_total": 549,
  "n_chunks_used": 440,
  "vad_min_speech_ratio": 0.4,
  "vad_rms_percentile": 50.0,
  "vad_mode": "file_percentile",
  "vad_db_threshold": -45.0,
  "vad_fallback_all": false,
  "speech_ratio_mean_used": 0.5437032418952618,
  "speech_ratio_median_used": 0.5311720698254364,
  "vad_file_rms_threshold": 0.012744679115712643,
  "chunk_spoof_min": 2.4824801130307605e-06,
  "chunk_spoof_p05": 0.0013532326556742191,
  "chunk_spoof_p50": 0.7270053625106812,
  "chunk_spoof_p95": 0.9999772310256958,
  "chunk_spoof_max": 1.0,
  "chunk_spoof_std": 0.4215441644191742,
  "chunk_rt60_min": 0.0,
  "chunk_rt60_med": 0.0,
  "chunk_rt60_max": 0.0,
  "chunk_snr_min": 1.1828758716583252,
  "chunk_snr_med": 14.343616485595703,
  "chunk_snr_max": 30.625316619873047,
  "chunk_silence_ratio_min": 0.1031746044754982,
  "chunk_silence_ratio_med": 0.1031746044754982,
  "chunk_silence_ratio_max": 0.1031746044754982,
  "env_features": {
    "rt60": 0.0,
    "drr": 0.26527947187423706,
    "snr": 14.343616485595703,
    "background_level": -46.454750061035156,
    "silence_ratio": 0.1031746044754982,
    "spectral_tilt": -0.5676798224449158,
    "spectral_flatness": 0.04526180773973465,
    "spectral_rolloff": 3502.88330078125,
    "cleanliness_score": 0.0,
    "high_freq_content": 0.029289349913597107,
    "background_consistency": 0.6363610029220581,
    "env_stability": 0.5
  },
  "env_reasons": [
    "RT60 \u2248 0.0s \u2192 little/no measurable reverberation (can indicate synthetic or heavily processed audio)."
  ],
  "spec_reasons": [
    "Chunk consistency: spoof prob range [0.000, 1.000] across 440 chunks.",
    "Chunk scores vary a lot \u2192 the model is uncertain or the audio contains mixed-quality segments.",
    "Pooling=pct_vote: mean=0.557, median=0.727, trimmed=0.571, logit_mean=0.748, pct_over_chunk_threshold=0.525",
    "VAD(file_percentile) kept 440/549 chunks (min speech ratio=0.40).",
    "pct_vote thresholds: chunk_threshold=0.650, vote_threshold=0.700."
  ],
  "overall_explanation": "Model predicts REAL (bonafide) with confidence=0.475 (pooling=pct_vote, threshold=0.700)."
}