{
  "filename": "trump_r6.wav",
  "filepath": "E:\\FYP\\testing_audios\\trump_r6.wav",
  "prediction": "REAL",
  "confidence": 0.8333333333333334,
  "spoof_prob": 0.16666666666666666,
  "decision_score": 0.16666666666666666,
  "pooling": "pct_vote",
  "spoof_prob_mean": 0.2140500545501709,
  "spoof_prob_median": 0.02366689406335354,
  "spoof_prob_trimmed": 0.14831943809986115,
  "spoof_prob_logit_mean": 0.01751708984375,
  "pct_chunks_above_chunk_threshold": 0.16666666666666666,
  "threshold": 0.65,
  "effective_threshold": 0.7,
  "chunk_threshold": 0.65,
  "vote_threshold": 0.7,
  "attack_type": "bonafide",
  "attack_type_idx": 0,
  "attack_type_conf": 0.7964719533920288,
  "attack_probs": [
    0.7964719533920288,
    0.1268077790737152,
    0.07646198570728302,
    0.00025854658451862633
  ],
  "n_chunks": 390,
  "n_chunks_total": 542,
  "n_chunks_used": 390,
  "vad_min_speech_ratio": 0.4,
  "vad_rms_percentile": 50.0,
  "vad_mode": "file_percentile",
  "vad_db_threshold": -45.0,
  "vad_fallback_all": false,
  "speech_ratio_mean_used": 0.5742758488394398,
  "speech_ratio_median_used": 0.5423940149625935,
  "vad_file_rms_threshold": 0.030789360404014587,
  "chunk_spoof_min": 2.7404538707753723e-11,
  "chunk_spoof_p05": 7.385110620816704e-07,
  "chunk_spoof_p50": 0.02366689406335354,
  "chunk_spoof_p95": 0.9527434706687927,
  "chunk_spoof_max": 1.0,
  "chunk_spoof_std": 0.33110538125038147,
  "chunk_rt60_min": 0.0,
  "chunk_rt60_med": 0.0,
  "chunk_rt60_max": 0.0,
  "chunk_snr_min": 0.8208697438240051,
  "chunk_snr_med": 12.272393226623535,
  "chunk_snr_max": 30.389461517333984,
  "chunk_silence_ratio_min": 0.1031746044754982,
  "chunk_silence_ratio_med": 0.1031746044754982,
  "chunk_silence_ratio_max": 0.1031746044754982,
  "env_features": {
    "rt60": 0.0,
    "drr": 0.22205176949501038,
    "snr": 12.272393226623535,
    "background_level": -41.49994659423828,
    "silence_ratio": 0.1031746044754982,
    "spectral_tilt": -0.5641499757766724,
    "spectral_flatness": 0.07847218215465546,
    "spectral_rolloff": 4256.6962890625,
    "cleanliness_score": 0.0,
    "high_freq_content": 0.04863986000418663,
    "background_consistency": 0.7050988674163818,
    "env_stability": 1.0
  },
  "env_reasons": [
    "RT60 \u2248 0.0s \u2192 little/no measurable reverberation (can indicate synthetic or heavily processed audio)."
  ],
  "spec_reasons": [
    "Chunk consistency: spoof prob range [0.000, 1.000] across 390 chunks.",
    "Chunk scores vary a lot \u2192 the model is uncertain or the audio contains mixed-quality segments.",
    "Pooling=pct_vote: mean=0.214, median=0.024, trimmed=0.148, logit_mean=0.018, pct_over_chunk_threshold=0.167",
    "VAD(file_percentile) kept 390/542 chunks (min speech ratio=0.40).",
    "pct_vote thresholds: chunk_threshold=0.650, vote_threshold=0.700."
  ],
  "overall_explanation": "Model predicts REAL (bonafide) with confidence=0.833 (pooling=pct_vote, threshold=0.700)."
}