{
  "filename": "trump_r1.wav",
  "filepath": "E:\\FYP\\testing_audios\\trump_r1.wav",
  "prediction": "FAKE",
  "confidence": 0.9393939393939394,
  "spoof_prob": 0.9393939393939394,
  "decision_score": 0.9393939393939394,
  "pooling": "pct_vote",
  "spoof_prob_mean": 0.9482904672622681,
  "spoof_prob_median": 0.9999994039535522,
  "spoof_prob_trimmed": 0.9986069202423096,
  "spoof_prob_logit_mean": 1.0,
  "pct_chunks_above_chunk_threshold": 0.9393939393939394,
  "threshold": 0.65,
  "effective_threshold": 0.7,
  "chunk_threshold": 0.65,
  "vote_threshold": 0.7,
  "attack_type": "synthesis",
  "attack_type_idx": 1,
  "attack_type_conf": 0.4763973653316498,
  "attack_probs": [
    0.06157476082444191,
    0.4763973653316498,
    0.462026447057724,
    1.4156266843201593e-06
  ],
  "n_chunks": 33,
  "n_chunks_total": 38,
  "n_chunks_used": 33,
  "vad_min_speech_ratio": 0.4,
  "vad_rms_percentile": 50.0,
  "vad_mode": "file_percentile",
  "vad_db_threshold": -45.0,
  "vad_fallback_all": false,
  "speech_ratio_mean_used": 0.5248998715332879,
  "speech_ratio_median_used": 0.5211970074812967,
  "vad_file_rms_threshold": 0.018781423568725586,
  "chunk_spoof_min": 0.046378206461668015,
  "chunk_spoof_p05": 0.7048397660255432,
  "chunk_spoof_p50": 0.9999994039535522,
  "chunk_spoof_p95": 1.0,
  "chunk_spoof_max": 1.0,
  "chunk_spoof_std": 0.19633454084396362,
  "chunk_rt60_min": 0.0,
  "chunk_rt60_med": 0.0,
  "chunk_rt60_max": 0.0,
  "chunk_snr_min": 10.355857849121094,
  "chunk_snr_med": 16.62889862060547,
  "chunk_snr_max": 34.03471755981445,
  "chunk_silence_ratio_min": 0.1031746044754982,
  "chunk_silence_ratio_med": 0.1031746044754982,
  "chunk_silence_ratio_max": 0.1031746044754982,
  "env_features": {
    "rt60": 0.0,
    "drr": 0.3166281580924988,
    "snr": 16.62889862060547,
    "background_level": -42.41829299926758,
    "silence_ratio": 0.1031746044754982,
    "spectral_tilt": -0.8746940493583679,
    "spectral_flatness": 0.036286160349845886,
    "spectral_rolloff": 2915.116455078125,
    "cleanliness_score": 0.0,
    "high_freq_content": 0.004658851306885481,
    "background_consistency": 0.6127347350120544,
    "env_stability": 1.0
  },
  "env_reasons": [
    "RT60 \u2248 0.0s \u2192 little/no measurable reverberation (can indicate synthetic or heavily processed audio)."
  ],
  "spec_reasons": [
    "Chunk consistency: spoof prob range [0.046, 1.000] across 33 chunks.",
    "Chunk scores vary a lot \u2192 the model is uncertain or the audio contains mixed-quality segments.",
    "Pooling=pct_vote: mean=0.948, median=1.000, trimmed=0.999, logit_mean=1.000, pct_over_chunk_threshold=0.939",
    "VAD(file_percentile) kept 33/38 chunks (min speech ratio=0.40).",
    "pct_vote thresholds: chunk_threshold=0.650, vote_threshold=0.700."
  ],
  "overall_explanation": "Model predicts FAKE (decision_score=0.939, pooling=pct_vote, threshold=0.700). Most likely attack type: synthesis (conf=0.476)."
}