{
  "filename": "trump_f2.wav",
  "filepath": "E:\\FYP\\testing_audios\\trump_f2.wav",
  "prediction": "FAKE",
  "confidence": 1.0,
  "spoof_prob": 1.0,
  "decision_score": 1.0,
  "pooling": "pct_vote",
  "spoof_prob_mean": 0.9999997019767761,
  "spoof_prob_median": 1.0,
  "spoof_prob_trimmed": 1.0,
  "spoof_prob_logit_mean": 1.0,
  "pct_chunks_above_chunk_threshold": 1.0,
  "threshold": 0.65,
  "effective_threshold": 0.7,
  "chunk_threshold": 0.65,
  "vote_threshold": 0.7,
  "attack_type": "conversion",
  "attack_type_idx": 2,
  "attack_type_conf": 0.9749643206596375,
  "attack_probs": [
    3.652569284895435e-05,
    0.024999208748340607,
    0.9749643206596375,
    1.4601031972025225e-14
  ],
  "n_chunks": 20,
  "n_chunks_total": 24,
  "n_chunks_used": 20,
  "vad_min_speech_ratio": 0.4,
  "vad_rms_percentile": 50.0,
  "vad_mode": "file_percentile",
  "vad_db_threshold": -45.0,
  "vad_fallback_all": false,
  "speech_ratio_mean_used": 0.5234413965087282,
  "speech_ratio_median_used": 0.5124688279301746,
  "vad_file_rms_threshold": 0.028548303991556168,
  "chunk_spoof_min": 0.9999943971633911,
  "chunk_spoof_p05": 0.9999995827674866,
  "chunk_spoof_p50": 1.0,
  "chunk_spoof_p95": 1.0,
  "chunk_spoof_max": 1.0,
  "chunk_spoof_std": 1.2200766832393128e-06,
  "chunk_rt60_min": 0.0,
  "chunk_rt60_med": 0.0,
  "chunk_rt60_max": 0.0,
  "chunk_snr_min": 10.294967651367188,
  "chunk_snr_med": 16.371742248535156,
  "chunk_snr_max": 31.49948501586914,
  "chunk_silence_ratio_min": 0.1031746044754982,
  "chunk_silence_ratio_med": 0.1031746044754982,
  "chunk_silence_ratio_max": 0.1031746044754982,
  "env_features": {
    "rt60": 0.0,
    "drr": 0.26916271448135376,
    "snr": 16.371742248535156,
    "background_level": -36.29539489746094,
    "silence_ratio": 0.1031746044754982,
    "spectral_tilt": -0.9371315240859985,
    "spectral_flatness": 0.028461243957281113,
    "spectral_rolloff": 2958.891357421875,
    "cleanliness_score": 0.0,
    "high_freq_content": 0.00307979853823781,
    "background_consistency": 0.741985559463501,
    "env_stability": 1.0
  },
  "env_reasons": [
    "RT60 \u2248 0.0s \u2192 little/no measurable reverberation (can indicate synthetic or heavily processed audio)."
  ],
  "spec_reasons": [
    "Chunk consistency: spoof prob range [1.000, 1.000] across 20 chunks.",
    "Chunk scores are consistent \u2192 model decision is stable across the file.",
    "Pooling=pct_vote: mean=1.000, median=1.000, trimmed=1.000, logit_mean=1.000, pct_over_chunk_threshold=1.000",
    "VAD(file_percentile) kept 20/24 chunks (min speech ratio=0.40).",
    "pct_vote thresholds: chunk_threshold=0.650, vote_threshold=0.700."
  ],
  "overall_explanation": "Model predicts FAKE (decision_score=1.000, pooling=pct_vote, threshold=0.700). Most likely attack type: conversion (conf=0.975)."
}