{
  "filename": "trump_r2.wav",
  "filepath": "E:\\FYP\\testing_audios\\trump_r2.wav",
  "prediction": "REAL",
  "confidence": 0.32537960954446854,
  "spoof_prob": 0.6746203904555315,
  "decision_score": 0.6746203904555315,
  "pooling": "pct_vote",
  "spoof_prob_mean": 0.7024531364440918,
  "spoof_prob_median": 0.8984984159469604,
  "spoof_prob_trimmed": 0.7498775720596313,
  "spoof_prob_logit_mean": 0.9560546875,
  "pct_chunks_above_chunk_threshold": 0.6746203904555315,
  "threshold": 0.65,
  "effective_threshold": 0.7,
  "chunk_threshold": 0.65,
  "vote_threshold": 0.7,
  "attack_type": "conversion",
  "attack_type_idx": 2,
  "attack_type_conf": 0.45197126269340515,
  "attack_probs": [
    0.3136793375015259,
    0.22655121982097626,
    0.45197126269340515,
    0.0077983965165913105
  ],
  "n_chunks": 922,
  "n_chunks_total": 1610,
  "n_chunks_used": 922,
  "vad_min_speech_ratio": 0.4,
  "vad_rms_percentile": 50.0,
  "vad_mode": "file_percentile",
  "vad_db_threshold": -45.0,
  "vad_fallback_all": false,
  "speech_ratio_mean_used": 0.6562363072795235,
  "speech_ratio_median_used": 0.5685785536159601,
  "vad_file_rms_threshold": 0.13920406997203827,
  "chunk_spoof_min": 1.1747604844458692e-07,
  "chunk_spoof_p05": 0.02002197504043579,
  "chunk_spoof_p50": 0.8984984159469604,
  "chunk_spoof_p95": 0.9999973773956299,
  "chunk_spoof_max": 1.0,
  "chunk_spoof_std": 0.36021602153778076,
  "chunk_rt60_min": 0.0,
  "chunk_rt60_med": 0.0,
  "chunk_rt60_max": 0.0,
  "chunk_snr_min": 0.8310954570770264,
  "chunk_snr_med": 6.256728172302246,
  "chunk_snr_max": 26.546939849853516,
  "chunk_silence_ratio_min": 0.1031746044754982,
  "chunk_silence_ratio_med": 0.1031746044754982,
  "chunk_silence_ratio_max": 0.1031746044754982,
  "env_features": {
    "rt60": 0.0,
    "drr": 0.3382084369659424,
    "snr": 6.256728172302246,
    "background_level": -19.7421817779541,
    "silence_ratio": 0.1031746044754982,
    "spectral_tilt": -0.6012212038040161,
    "spectral_flatness": 0.09108409285545349,
    "spectral_rolloff": 4070.80859375,
    "cleanliness_score": 0.0,
    "high_freq_content": 0.03657960146665573,
    "background_consistency": 0.8448158502578735,
    "env_stability": 1.0
  },
  "env_reasons": [
    "RT60 \u2248 0.0s \u2192 little/no measurable reverberation (can indicate synthetic or heavily processed audio)."
  ],
  "spec_reasons": [
    "Chunk consistency: spoof prob range [0.000, 1.000] across 922 chunks.",
    "Chunk scores vary a lot \u2192 the model is uncertain or the audio contains mixed-quality segments.",
    "Pooling=pct_vote: mean=0.702, median=0.898, trimmed=0.750, logit_mean=0.956, pct_over_chunk_threshold=0.675",
    "VAD(file_percentile) kept 922/1610 chunks (min speech ratio=0.40).",
    "pct_vote thresholds: chunk_threshold=0.650, vote_threshold=0.700."
  ],
  "overall_explanation": "Model predicts REAL (bonafide) with confidence=0.325 (pooling=pct_vote, threshold=0.700)."
}