{
  "filename": "trump_r3.wav",
  "filepath": "E:\\FYP\\testing_audios\\trump_r3.wav",
  "prediction": "REAL",
  "confidence": 0.5317124735729387,
  "spoof_prob": 0.4682875264270613,
  "decision_score": 0.4682875264270613,
  "pooling": "pct_vote",
  "spoof_prob_mean": 0.5010796785354614,
  "spoof_prob_median": 0.5253894329071045,
  "spoof_prob_trimmed": 0.500919759273529,
  "spoof_prob_logit_mean": 0.62744140625,
  "pct_chunks_above_chunk_threshold": 0.4682875264270613,
  "threshold": 0.65,
  "effective_threshold": 0.7,
  "chunk_threshold": 0.65,
  "vote_threshold": 0.7,
  "attack_type": "bonafide",
  "attack_type_idx": 0,
  "attack_type_conf": 0.513580322265625,
  "attack_probs": [
    0.513580322265625,
    0.23415878415107727,
    0.252130925655365,
    0.00012963471817784011
  ],
  "n_chunks": 946,
  "n_chunks_total": 1648,
  "n_chunks_used": 946,
  "vad_min_speech_ratio": 0.4,
  "vad_rms_percentile": 50.0,
  "vad_mode": "file_percentile",
  "vad_db_threshold": -45.0,
  "vad_fallback_all": false,
  "speech_ratio_mean_used": 0.6394399835506372,
  "speech_ratio_median_used": 0.5673316708229427,
  "vad_file_rms_threshold": 0.15410718321800232,
  "chunk_spoof_min": 5.233371780377638e-08,
  "chunk_spoof_p05": 0.0029249677900224924,
  "chunk_spoof_p50": 0.5253894329071045,
  "chunk_spoof_p95": 0.9999076128005981,
  "chunk_spoof_max": 1.0,
  "chunk_spoof_std": 0.41901347041130066,
  "chunk_rt60_min": 0.0,
  "chunk_rt60_med": 0.0,
  "chunk_rt60_max": 0.0,
  "chunk_snr_min": 0.8595604300498962,
  "chunk_snr_med": 5.747082233428955,
  "chunk_snr_max": 27.02219009399414,
  "chunk_silence_ratio_min": 0.1031746044754982,
  "chunk_silence_ratio_med": 0.1031746044754982,
  "chunk_silence_ratio_max": 0.1031746044754982,
  "env_features": {
    "rt60": 0.0,
    "drr": 0.33791449666023254,
    "snr": 5.747082233428955,
    "background_level": -18.371234893798828,
    "silence_ratio": 0.1031746044754982,
    "spectral_tilt": -0.6330580711364746,
    "spectral_flatness": 0.10753901302814484,
    "spectral_rolloff": 4230.90234375,
    "cleanliness_score": 0.0,
    "high_freq_content": 0.04209180921316147,
    "background_consistency": 0.8760883808135986,
    "env_stability": 1.0
  },
  "env_reasons": [
    "RT60 \u2248 0.0s \u2192 little/no measurable reverberation (can indicate synthetic or heavily processed audio)."
  ],
  "spec_reasons": [
    "Chunk consistency: spoof prob range [0.000, 1.000] across 946 chunks.",
    "Chunk scores vary a lot \u2192 the model is uncertain or the audio contains mixed-quality segments.",
    "Pooling=pct_vote: mean=0.501, median=0.525, trimmed=0.501, logit_mean=0.627, pct_over_chunk_threshold=0.468",
    "VAD(file_percentile) kept 946/1648 chunks (min speech ratio=0.40).",
    "pct_vote thresholds: chunk_threshold=0.650, vote_threshold=0.700."
  ],
  "overall_explanation": "Model predicts REAL (bonafide) with confidence=0.532 (pooling=pct_vote, threshold=0.700)."
}