axis,n,tp,tn,fp,fn,accuracy,balanced_accuracy,precision,recall,specificity
origin,18,9,6,2,1,0.8333333333333334,0.825,0.8181818181818182,0.9,0.75
replay,25,5,15,3,2,0.8,0.7738095238095238,0.625,0.7142857142857143,0.8333333333333334
mixer,25,0,22,1,2,0.88,0.4782608695652174,0.0,0.0,0.9565217391304348
partial,25,2,23,0,0,1.0,1.0,1.0,1.0,1.0
