scope,n,tp,tn,fp,fn,accuracy,balanced_accuracy,precision,recall,specificity,f1,roc_auc,pr_auc
origin_binary_human_ai,15,7,6,2,0,0.8666666666666667,0.875,0.7777777777777778,1.0,0.75,0.875,0.9285714285714286,0.9119047619047619
replay_axis_supported,25,5,15,3,2,0.8,0.7738095238095238,0.625,0.7142857142857143,0.8333333333333334,0.6666666666666666,0.9047619047619048,0.7377551020408162
mixer_axis_supported,25,0,21,1,3,0.84,0.4772727272727273,0.0,0.0,0.9545454545454546,0.0,0.5606060606060606,0.21437908496732028
