audit_condition,n_files,included_in_training_task,target_positive_for_diagnostic,splits,new_mean_probability,new_detected_rate_050,new_detected_rate_dev_threshold,current_mean_probability,current_detected_rate_threshold_020
ai_clean_direct,23,True,1,dev:5;test:5;train:13,0.9988958679286281,1.0,1.0,0.994582288713577,1.0
ai_fabricated_partial,23,False,1,dev:5;test:5;train:13,0.9972130824482233,1.0,1.0,0.9789647568944259,1.0
ai_mixer_processed,23,True,1,dev:5;test:5;train:13,0.9746437177999452,1.0,1.0,0.5244726027361517,0.782608695652174
ai_replayed,23,True,1,dev:5;test:5;train:13,0.962589873918864,1.0,0.9565217391304348,0.03214463539204316,0.0
human_clean,23,True,0,dev:5;test:5;train:13,0.04613023099562964,0.0,0.0,0.006486792997364883,0.0
human_fabricated_partial,23,False,0,dev:5;test:5;train:13,0.20403780902378157,0.08695652173913043,0.0,0.018395725189146152,0.0
human_mixer_processed,23,True,0,dev:5;test:5;train:13,0.004103440070145236,0.0,0.0,0.0010530912286529665,0.0
human_replayed,23,True,0,dev:5;test:5;train:13,0.003298662385812197,0.0,0.0,0.0005803058488725307,0.0
