group,count,median_file_gate_probability,median_max_segment_probability,median_high_segment_fraction,median_topk_minus_rest_probability,min_file_gate_probability,max_file_gate_probability,min_max_segment_probability,max_max_segment_probability,min_high_segment_fraction,max_high_segment_fraction,min_topk_minus_rest_probability,max_topk_minus_rest_probability
fabricated_20pct_false_negative,3,0.3864595852358898,0.9860544380595414,0.12,0.7549292814318127,0.1342880310333952,0.9722298957943216,0.6080105776660463,0.9990004270277798,0.0,0.1875,0.3166323663077801,0.8857928414188099
nonpartial_false_positive,2,0.9385299718065329,0.9999999961809454,0.3028368794326241,0.5985980268412694,0.8771359392083473,0.9999240044047184,0.9999999924017696,0.9999999999601212,0.2333333333333333,0.3723404255319149,0.515502072826171,0.6816939808563678
nonpartial_true_negative,21,0.0422392963253866,0.5598007239652691,0.0,0.1356701830645394,7.37047129672162e-06,0.4858551049532938,0.0015424798200612,0.99999999999901,0.0,0.1666666666666666,0.0003439880780235,0.8270326336171725
true_partial_detected,9,0.9440901383737572,0.9999415463486074,0.1818181818181818,0.8447676399553152,0.7205099651562492,0.9968948957659448,0.9970888004401556,0.9999999980192358,0.1578947368421052,0.2676056338028169,0.5587214198562336,0.9040438426897536
