window_index,start_time,end_time,prob_class_0,prob_class_1,spoof_score,bonafide_score,predicted_window_risk
0,0.0,4.0375,0.9986054301261902,0.0013945637037977576,0.9986054301261902,0.0013945637037977576,1
1,2.0187,6.0563,0.9986189603805542,0.001381085254251957,0.9986189603805542,0.001381085254251957,1
2,4.0375,8.075,0.9980289340019226,0.0019710161723196507,0.9980289340019226,0.0019710161723196507,1
3,6.0563,10.0938,0.9991839528083801,0.0008159924764186144,0.9991839528083801,0.0008159924764186144,1
4,8.075,12.1125,0.9978025555610657,0.0021974851842969656,0.9978025555610657,0.0021974851842969656,1
5,10.0938,14.1312,0.9980011582374573,0.0019988396670669317,0.9980011582374573,0.0019988396670669317,1
6,12.1125,16.15,0.9999996423721313,3.7551836840066244e-07,0.9999996423721313,3.7551836840066244e-07,1
7,12.696,16.7335,0.9999984502792358,1.5096297829586547e-06,0.9999984502792358,1.5096297829586547e-06,1
