window_index,start_time,end_time,prob_class_0,prob_class_1,spoof_score,bonafide_score,predicted_window_risk
0,0.0,4.0375,0.9994860887527466,0.0005138967535458505,0.9994860887527466,0.0005138967535458505,1
1,2.0187,6.0563,0.999552309513092,0.00044768379302695394,0.999552309513092,0.00044768379302695394,1
2,4.0375,8.075,0.9989878535270691,0.0010120758088305593,0.9989878535270691,0.0010120758088305593,1
3,6.0563,10.0938,0.9987475872039795,0.0012523540062829852,0.9987475872039795,0.0012523540062829852,1
4,8.075,12.1125,0.997869610786438,0.002130397828295827,0.997869610786438,0.002130397828295827,1
5,10.0938,14.1312,0.9972587823867798,0.0027412103954702616,0.9972587823867798,0.0027412103954702616,1
6,12.1125,16.15,0.999976396560669,2.358736855967436e-05,0.999976396560669,2.358736855967436e-05,1
7,12.7519,16.7894,0.9999120235443115,8.793496090220287e-05,0.9999120235443115,8.793496090220287e-05,1
