scope,n,threshold,tp,tn,fp,fn,accuracy,balanced_accuracy,precision,recall,specificity,fpr,fnr,f1,roc_auc,pr_auc
testing_audios_binary_human_ai,23,0.92,9,11,2,1,0.8695652173913043,0.8730769230769231,0.8181818181818182,0.9,0.8461538461538461,0.15384615384615385,0.1,0.8571428571428571,0.8769230769230769,0.7570745920745923
