scope,n,threshold,tp,tn,fp,fn,accuracy,balanced_accuracy,precision,recall,specificity,fpr,fnr,f1,roc_auc,pr_auc
phase7_train_all_conditions,104,0.92,52,52,0,0,1.0,1.0,1.0,1.0,1.0,0.0,0.0,1.0,1.0,1.0
phase7_train_origin_training_scope,78,0.92,39,39,0,0,1.0,1.0,1.0,1.0,1.0,0.0,0.0,1.0,1.0,1.0
phase7_dev_all_conditions,40,0.92,20,20,0,0,1.0,1.0,1.0,1.0,1.0,0.0,0.0,1.0,1.0,1.0
phase7_dev_origin_training_scope,30,0.92,15,15,0,0,1.0,1.0,1.0,1.0,1.0,0.0,0.0,1.0,1.0,1.0
phase7_test_all_conditions,40,0.92,18,20,0,2,0.95,0.95,1.0,0.9,1.0,0.0,0.1,0.9473684210526315,1.0,1.0
phase7_test_origin_training_scope,30,0.92,13,15,0,2,0.9333333333333333,0.9333333333333333,1.0,0.8666666666666667,1.0,0.0,0.13333333333333333,0.9285714285714286,1.0,1.0
phase7_all_all_conditions,184,0.92,90,92,0,2,0.9891304347826086,0.9891304347826086,1.0,0.9782608695652174,1.0,0.0,0.021739130434782608,0.989010989010989,0.9997637051039697,0.9997649755066366
phase7_all_origin_training_scope,138,0.92,67,69,0,2,0.9855072463768116,0.9855072463768115,1.0,0.9710144927536232,1.0,0.0,0.028985507246376812,0.9852941176470589,1.0,0.9999999999999999
