scope,n,tp,tn,fp,fn,accuracy,balanced_accuracy,precision,recall,specificity,fpr,fnr,f1
dev,40,22,9,1,8,0.775,0.8166666666666667,0.9565217391304348,0.7333333333333333,0.9,0.1,0.26666666666666666,0.8301886792452831
test,40,21,10,0,9,0.775,0.85,1.0,0.7,1.0,0.0,0.3,0.8235294117647058
testing_audios,23,5,8,0,10,0.5652173913043478,0.6666666666666666,1.0,0.3333333333333333,1.0,0.0,0.6666666666666666,0.5
train,104,53,26,0,25,0.7596153846153846,0.8397435897435898,1.0,0.6794871794871795,1.0,0.0,0.32051282051282054,0.8091603053435115
