scope,n,accuracy,unknown_rate
train,78,1.0,0.0
dev,30,0.9,0.03333333333333333
test,30,0.9333333333333333,0.0
testing_audios,15,0.3333333333333333,0.06666666666666667
