scope,n,tp,tn,fp,fn,accuracy,balanced_accuracy,precision,recall,specificity,fpr,fnr,f1,roc_auc,pr_auc
dev,30,10,19,1,0,0.9666666666666667,0.975,0.9090909090909091,1.0,0.95,0.05,0.0,0.9523809523809523,0.955,0.8480122655122654
fit_train,338,182,154,2,0,0.9940828402366864,0.9935897435897436,0.9891304347826086,1.0,0.9871794871794872,0.01282051282051282,0.0,0.994535519125683,1.0,1.0
test,30,9,20,0,1,0.9666666666666667,0.95,1.0,0.9,1.0,0.0,0.1,0.9473684210526315,1.0,0.9999999999999999
testing_audios,23,0,20,0,3,0.8695652173913043,0.5,0.0,0.0,1.0,0.0,1.0,0.0,0.7666666666666666,0.6180555555555556
train_original,78,26,52,0,0,1.0,1.0,1.0,1.0,1.0,0.0,0.0,1.0,1.0,0.9999999999999998
