audit_condition,n_files,splits,origin_mean_probability,origin_detected_count,origin_detected_rate,replay_mean_probability,replay_detected_rate,mixer_mean_probability,mixer_detected_rate,partial_localizer_max_detected_rate,partial_max_probability_mean
ai_clean_direct,23,dev:5;test:5;train:13,0.994582288713577,23,1.0,0.0013989092848575202,0.0,0.00608478594932473,0.0,0.2608695652173913,0.37957864552154996
ai_fabricated_partial,23,dev:5;test:5;train:13,0.9789647568944259,23,1.0,0.0014633760280970249,0.0,0.005932976196250111,0.0,1.0,0.995200079156634
ai_mixer_processed,23,dev:5;test:5;train:13,0.5244726027361517,18,0.782608695652174,0.38086596326482336,0.0,0.9784636673414684,1.0,0.0,0.02349356791215096
ai_replayed,23,dev:5;test:5;train:13,0.03214463539204316,0,0.0,0.99800793876962,1.0,0.07641622680007648,0.0,0.0,0.035493242257273225
human_clean,23,dev:5;test:5;train:13,0.006486792997364883,0,0.0,0.03558060265408405,0.0,0.045186384411480304,0.0,0.30434782608695654,0.3874985756383713
human_fabricated_partial,23,dev:5;test:5;train:13,0.018395725189146152,0,0.0,0.011944630574036465,0.0,0.02477030535323903,0.0,1.0,0.9956880323470357
human_mixer_processed,23,dev:5;test:5;train:13,0.0010530912286529665,0,0.0,0.5569081322595669,0.30434782608695654,0.9904475744218106,1.0,0.043478260869565216,0.11399678549293253
human_replayed,23,dev:5;test:5;train:13,0.0005803058488725307,0,0.0,0.9736980261632374,1.0,0.3249231862763854,0.08695652173913043,0.0,0.03691615257109991
