scope,n,accuracy_exact,unknown_rate,safe_non_clean_rate
train,78,0.32051282051282054,0.02564102564102564,0.3717948717948718
fit_train,954,0.6079664570230608,0.10062893081761007,0.7484276729559748
dev,30,0.36666666666666664,0.0,0.4666666666666667
test,30,0.26666666666666666,0.0,0.3333333333333333
testing_audios,15,0.13333333333333333,0.0,0.2
