scope,n,tp,tn,fp,fn,accuracy,balanced_accuracy,precision,recall,specificity,fpr,fnr,f1
dev,40,14,10,0,16,0.6,0.7333333333333334,1.0,0.4666666666666667,1.0,0.0,0.5333333333333333,0.6363636363636364
fit_train,980,707,122,8,143,0.8459183673469388,0.8851131221719457,0.9888111888111888,0.831764705882353,0.9384615384615385,0.06153846153846154,0.16823529411764707,0.9035143769968051
test,40,10,10,0,20,0.5,0.6666666666666666,1.0,0.3333333333333333,1.0,0.0,0.6666666666666666,0.5
testing_audios,23,3,7,1,12,0.43478260869565216,0.5375,0.75,0.2,0.875,0.125,0.8,0.3157894736842105
train,104,29,25,1,49,0.5192307692307693,0.6666666666666667,0.9666666666666667,0.3717948717948718,0.9615384615384616,0.038461538461538464,0.6282051282051282,0.5370370370370371
