{
  "filename": "trump_r4.wav",
  "filepath": "E:\\FYP\\testing_audios\\trump_r4.wav",
  "prediction": "REAL",
  "confidence": 0.7796934865900383,
  "spoof_prob": 0.22030651340996169,
  "decision_score": 0.22030651340996169,
  "pooling": "pct_vote",
  "spoof_prob_mean": 0.27236202359199524,
  "spoof_prob_median": 0.05480339378118515,
  "spoof_prob_trimmed": 0.2191735804080963,
  "spoof_prob_logit_mean": 0.0831298828125,
  "pct_chunks_above_chunk_threshold": 0.22030651340996169,
  "threshold": 0.65,
  "effective_threshold": 0.7,
  "chunk_threshold": 0.65,
  "vote_threshold": 0.7,
  "attack_type": "bonafide",
  "attack_type_idx": 0,
  "attack_type_conf": 0.7119885087013245,
  "attack_probs": [
    0.7119885087013245,
    0.1961338222026825,
    0.08663979172706604,
    0.00523837236687541
  ],
  "n_chunks": 522,
  "n_chunks_total": 677,
  "n_chunks_used": 522,
  "vad_min_speech_ratio": 0.4,
  "vad_rms_percentile": 40.0,
  "vad_mode": "file_percentile",
  "vad_db_threshold": -45.0,
  "vad_fallback_all": false,
  "speech_ratio_mean_used": 0.6952207603596373,
  "speech_ratio_median_used": 0.6396508728179551,
  "vad_file_rms_threshold": 0.008002812042832375,
  "chunk_spoof_min": 1.936852385142629e-07,
  "chunk_spoof_p05": 4.089647700311616e-05,
  "chunk_spoof_p50": 0.05480339378118515,
  "chunk_spoof_p95": 0.9732635617256165,
  "chunk_spoof_max": 1.0,
  "chunk_spoof_std": 0.35382384061813354,
  "chunk_rt60_min": 0.0,
  "chunk_rt60_med": 0.0,
  "chunk_rt60_max": 0.0,
  "chunk_snr_min": 1.3843178749084473,
  "chunk_snr_med": 14.452285766601562,
  "chunk_snr_max": 36.516117095947266,
  "chunk_silence_ratio_min": 0.1031746044754982,
  "chunk_silence_ratio_med": 0.1031746044754982,
  "chunk_silence_ratio_max": 0.1031746044754982,
  "env_features": {
    "rt60": 0.0,
    "drr": 0.2368634045124054,
    "snr": 14.452285766601562,
    "background_level": -44.573760986328125,
    "silence_ratio": 0.1031746044754982,
    "spectral_tilt": -0.4909222722053528,
    "spectral_flatness": 0.05168876796960831,
    "spectral_rolloff": 3944.63037109375,
    "cleanliness_score": 0.0,
    "high_freq_content": 0.02528667263686657,
    "background_consistency": 0.7591931819915771,
    "env_stability": 1.0
  },
  "env_reasons": [
    "RT60 \u2248 0.0s \u2192 little/no measurable reverberation (can indicate synthetic or heavily processed audio)."
  ],
  "spec_reasons": [
    "Chunk consistency: spoof prob range [0.000, 1.000] across 522 chunks.",
    "Chunk scores vary a lot \u2192 the model is uncertain or the audio contains mixed-quality segments.",
    "Pooling=pct_vote: mean=0.272, median=0.055, trimmed=0.219, logit_mean=0.083, pct_over_chunk_threshold=0.220",
    "VAD(file_percentile) kept 522/677 chunks (min speech ratio=0.40).",
    "pct_vote thresholds: chunk_threshold=0.650, vote_threshold=0.700."
  ],
  "overall_explanation": "Model predicts REAL (bonafide) with confidence=0.780 (pooling=pct_vote, threshold=0.700)."
}