{
  "filename": "trump_r5.wav",
  "filepath": "E:\\FYP\\testing_audios\\trump_r5.wav",
  "prediction": "REAL",
  "confidence": 0.4646271510516252,
  "spoof_prob": 0.5353728489483748,
  "decision_score": 0.5353728489483748,
  "pooling": "pct_vote",
  "spoof_prob_mean": 0.5706374049186707,
  "spoof_prob_median": 0.7526039481163025,
  "spoof_prob_trimmed": 0.5878724455833435,
  "spoof_prob_logit_mean": 0.79150390625,
  "pct_chunks_above_chunk_threshold": 0.5353728489483748,
  "threshold": 0.65,
  "effective_threshold": 0.7,
  "chunk_threshold": 0.65,
  "vote_threshold": 0.7,
  "attack_type": "bonafide",
  "attack_type_idx": 0,
  "attack_type_conf": 0.4836973547935486,
  "attack_probs": [
    0.4836973547935486,
    0.14015723764896393,
    0.37614279985427856,
    2.438998308207374e-06
  ],
  "n_chunks": 523,
  "n_chunks_total": 549,
  "n_chunks_used": 523,
  "vad_min_speech_ratio": 0.4,
  "vad_rms_percentile": 40.0,
  "vad_mode": "file_percentile",
  "vad_db_threshold": -45.0,
  "vad_fallback_all": false,
  "speech_ratio_mean_used": 0.6137953395669525,
  "speech_ratio_median_used": 0.6084788029925187,
  "vad_file_rms_threshold": 0.007697917055338621,
  "chunk_spoof_min": 2.4824801130307605e-06,
  "chunk_spoof_p05": 0.0017447216669097543,
  "chunk_spoof_p50": 0.7526039481163025,
  "chunk_spoof_p95": 0.9999917149543762,
  "chunk_spoof_max": 1.0,
  "chunk_spoof_std": 0.4196581244468689,
  "chunk_rt60_min": 0.0,
  "chunk_rt60_med": 0.0,
  "chunk_rt60_max": 0.0,
  "chunk_snr_min": 1.1828758716583252,
  "chunk_snr_med": 15.656963348388672,
  "chunk_snr_max": 32.058677673339844,
  "chunk_silence_ratio_min": 0.1031746044754982,
  "chunk_silence_ratio_med": 0.1031746044754982,
  "chunk_silence_ratio_max": 0.1031746044754982,
  "env_features": {
    "rt60": 0.0,
    "drr": 0.26317599415779114,
    "snr": 15.656963348388672,
    "background_level": -47.93583297729492,
    "silence_ratio": 0.1031746044754982,
    "spectral_tilt": -0.5669633746147156,
    "spectral_flatness": 0.0484350211918354,
    "spectral_rolloff": 3549.665283203125,
    "cleanliness_score": 0.0,
    "high_freq_content": 0.02916460670530796,
    "background_consistency": 0.647608757019043,
    "env_stability": 0.5
  },
  "env_reasons": [
    "RT60 \u2248 0.0s \u2192 little/no measurable reverberation (can indicate synthetic or heavily processed audio)."
  ],
  "spec_reasons": [
    "Chunk consistency: spoof prob range [0.000, 1.000] across 523 chunks.",
    "Chunk scores vary a lot \u2192 the model is uncertain or the audio contains mixed-quality segments.",
    "Pooling=pct_vote: mean=0.571, median=0.753, trimmed=0.588, logit_mean=0.792, pct_over_chunk_threshold=0.535",
    "VAD(file_percentile) kept 523/549 chunks (min speech ratio=0.40).",
    "pct_vote thresholds: chunk_threshold=0.650, vote_threshold=0.700."
  ],
  "overall_explanation": "Model predicts REAL (bonafide) with confidence=0.465 (pooling=pct_vote, threshold=0.700)."
}