{
  "filename": "trump_r2.wav",
  "filepath": "E:\\FYP\\testing_audios\\trump_r2.wav",
  "prediction": "REAL",
  "confidence": 0.3227752639517345,
  "spoof_prob": 0.6772247360482655,
  "decision_score": 0.6772247360482655,
  "pooling": "pct_vote",
  "spoof_prob_mean": 0.7039292454719543,
  "spoof_prob_median": 0.910862922668457,
  "spoof_prob_trimmed": 0.7526828050613403,
  "spoof_prob_logit_mean": 0.96044921875,
  "pct_chunks_above_chunk_threshold": 0.6772247360482655,
  "threshold": 0.65,
  "effective_threshold": 0.7,
  "chunk_threshold": 0.65,
  "vote_threshold": 0.7,
  "attack_type": "conversion",
  "attack_type_idx": 2,
  "attack_type_conf": 0.46572571992874146,
  "attack_probs": [
    0.30991414189338684,
    0.21858571469783783,
    0.46572571992874146,
    0.005774755496531725
  ],
  "n_chunks": 1326,
  "n_chunks_total": 1610,
  "n_chunks_used": 1326,
  "vad_min_speech_ratio": 0.4,
  "vad_rms_percentile": 40.0,
  "vad_mode": "file_percentile",
  "vad_db_threshold": -45.0,
  "vad_fallback_all": false,
  "speech_ratio_mean_used": 0.6639227722548832,
  "speech_ratio_median_used": 0.5860349127182045,
  "vad_file_rms_threshold": 0.10804520547389984,
  "chunk_spoof_min": 2.0967659032644637e-12,
  "chunk_spoof_p05": 0.01630120538175106,
  "chunk_spoof_p50": 0.910862922668457,
  "chunk_spoof_p95": 0.9999990463256836,
  "chunk_spoof_max": 1.0,
  "chunk_spoof_std": 0.36679935455322266,
  "chunk_rt60_min": 0.0,
  "chunk_rt60_med": 0.0,
  "chunk_rt60_max": 0.0,
  "chunk_snr_min": 0.8310954570770264,
  "chunk_snr_med": 8.834352493286133,
  "chunk_snr_max": 26.584976196289062,
  "chunk_silence_ratio_min": 0.1031746044754982,
  "chunk_silence_ratio_med": 0.1031746044754982,
  "chunk_silence_ratio_max": 0.1031746044754982,
  "env_features": {
    "rt60": 0.0,
    "drr": 0.30621328949928284,
    "snr": 8.834352493286133,
    "background_level": -22.25165367126465,
    "silence_ratio": 0.1031746044754982,
    "spectral_tilt": -0.6256328821182251,
    "spectral_flatness": 0.09117855876684189,
    "spectral_rolloff": 4068.79345703125,
    "cleanliness_score": 0.0,
    "high_freq_content": 0.03697826713323593,
    "background_consistency": 0.8119522333145142,
    "env_stability": 1.0
  },
  "env_reasons": [
    "RT60 \u2248 0.0s \u2192 little/no measurable reverberation (can indicate synthetic or heavily processed audio)."
  ],
  "spec_reasons": [
    "Chunk consistency: spoof prob range [0.000, 1.000] across 1326 chunks.",
    "Chunk scores vary a lot \u2192 the model is uncertain or the audio contains mixed-quality segments.",
    "Pooling=pct_vote: mean=0.704, median=0.911, trimmed=0.753, logit_mean=0.960, pct_over_chunk_threshold=0.677",
    "VAD(file_percentile) kept 1326/1610 chunks (min speech ratio=0.40).",
    "pct_vote thresholds: chunk_threshold=0.650, vote_threshold=0.700."
  ],
  "overall_explanation": "Model predicts REAL (bonafide) with confidence=0.323 (pooling=pct_vote, threshold=0.700)."
}