{
  "filename": "trump_r3.wav",
  "filepath": "E:\\FYP\\testing_audios\\trump_r3.wav",
  "prediction": "REAL",
  "confidence": 0.5140845070422535,
  "spoof_prob": 0.4859154929577465,
  "decision_score": 0.4859154929577465,
  "pooling": "pct_vote",
  "spoof_prob_mean": 0.5178252458572388,
  "spoof_prob_median": 0.605667769908905,
  "spoof_prob_trimmed": 0.5218345522880554,
  "spoof_prob_logit_mean": 0.67041015625,
  "pct_chunks_above_chunk_threshold": 0.4859154929577465,
  "threshold": 0.65,
  "effective_threshold": 0.7,
  "chunk_threshold": 0.65,
  "vote_threshold": 0.7,
  "attack_type": "bonafide",
  "attack_type_idx": 0,
  "attack_type_conf": 0.49310120940208435,
  "attack_probs": [
    0.49310120940208435,
    0.23703458905220032,
    0.2697591185569763,
    0.00010441197082400322
  ],
  "n_chunks": 1278,
  "n_chunks_total": 1648,
  "n_chunks_used": 1278,
  "vad_min_speech_ratio": 0.4,
  "vad_rms_percentile": 40.0,
  "vad_mode": "file_percentile",
  "vad_db_threshold": -45.0,
  "vad_fallback_all": false,
  "speech_ratio_mean_used": 0.6763841569784459,
  "speech_ratio_median_used": 0.5935162094763092,
  "vad_file_rms_threshold": 0.12301664799451828,
  "chunk_spoof_min": 5.233371780377638e-08,
  "chunk_spoof_p05": 0.00330315250903368,
  "chunk_spoof_p50": 0.605667769908905,
  "chunk_spoof_p95": 0.9999349117279053,
  "chunk_spoof_max": 1.0,
  "chunk_spoof_std": 0.4194132685661316,
  "chunk_rt60_min": 0.0,
  "chunk_rt60_med": 0.0,
  "chunk_rt60_max": 0.0,
  "chunk_snr_min": 0.8595604300498962,
  "chunk_snr_med": 8.440423965454102,
  "chunk_snr_max": 31.981307983398438,
  "chunk_silence_ratio_min": 0.1031746044754982,
  "chunk_silence_ratio_med": 0.1031746044754982,
  "chunk_silence_ratio_max": 0.1031746044754982,
  "env_features": {
    "rt60": 0.0,
    "drr": 0.309863805770874,
    "snr": 8.440423965454102,
    "background_level": -20.835186004638672,
    "silence_ratio": 0.1031746044754982,
    "spectral_tilt": -0.6389024257659912,
    "spectral_flatness": 0.08100676536560059,
    "spectral_rolloff": 4157.490234375,
    "cleanliness_score": 0.0,
    "high_freq_content": 0.03871322423219681,
    "background_consistency": 0.823154091835022,
    "env_stability": 1.0
  },
  "env_reasons": [
    "RT60 \u2248 0.0s \u2192 little/no measurable reverberation (can indicate synthetic or heavily processed audio)."
  ],
  "spec_reasons": [
    "Chunk consistency: spoof prob range [0.000, 1.000] across 1278 chunks.",
    "Chunk scores vary a lot \u2192 the model is uncertain or the audio contains mixed-quality segments.",
    "Pooling=pct_vote: mean=0.518, median=0.606, trimmed=0.522, logit_mean=0.670, pct_over_chunk_threshold=0.486",
    "VAD(file_percentile) kept 1278/1648 chunks (min speech ratio=0.40).",
    "pct_vote thresholds: chunk_threshold=0.650, vote_threshold=0.700."
  ],
  "overall_explanation": "Model predicts REAL (bonafide) with confidence=0.514 (pooling=pct_vote, threshold=0.700)."
}