{
  "filename": "trump_r3.wav",
  "filepath": "E:\\FYP\\testing_audios\\trump_r3.wav",
  "prediction": "REAL",
  "confidence": 0.37547779083251953,
  "spoof_prob": 0.6245222091674805,
  "decision_score": 0.6245222091674805,
  "pooling": "median",
  "spoof_prob_mean": 0.5289345979690552,
  "spoof_prob_median": 0.6245222091674805,
  "spoof_prob_trimmed": 0.5357324481010437,
  "spoof_prob_logit_mean": 0.673828125,
  "pct_chunks_above_threshold": 0.49089805825242716,
  "threshold": 0.65,
  "attack_type": "bonafide",
  "attack_type_idx": 0,
  "attack_type_conf": 0.4759750962257385,
  "attack_probs": [
    0.4759750962257385,
    0.2334509938955307,
    0.2904689610004425,
    0.00010407243098597974
  ],
  "n_chunks": 1648,
  "n_chunks_total": 1648,
  "n_chunks_used": 1648,
  "vad_min_speech_ratio": 0.4,
  "vad_rms_percentile": 30.0,
  "vad_fallback_all": false,
  "speech_ratio_mean_used": 0.6982543640897756,
  "speech_ratio_median_used": 0.6982543640897756,
  "env_features": {
    "rt60": 0.0,
    "drr": 0.28773069381713867,
    "snr": 11.947820663452148,
    "background_level": -25.40105438232422,
    "silence_ratio": 0.1031746044754982,
    "spectral_tilt": -0.6497799158096313,
    "spectral_flatness": 0.07407301664352417,
    "spectral_rolloff": 4121.1865234375,
    "cleanliness_score": 0.0,
    "high_freq_content": 0.035817719995975494,
    "background_consistency": 0.8133777379989624,
    "env_stability": 1.0
  },
  "env_reasons": [
    "RT60 \u2248 0.0s \u2192 little/no measurable reverberation (can indicate synthetic or heavily processed audio)."
  ],
  "spec_reasons": [
    "Chunk consistency: spoof prob range [0.000, 1.000] across 1648 chunks.",
    "Chunk scores vary a lot \u2192 the model is uncertain or the audio contains mixed-quality segments.",
    "Pooling=median: mean=0.529, median=0.625, trimmed=0.536, logit_mean=0.674, pct_over_threshold=0.491",
    "VAD gating kept 1648/1648 chunks (min speech ratio=0.40)."
  ],
  "overall_explanation": "Model predicts REAL (bonafide) with confidence=0.375 (pooling=median)."
}