scope,n,threshold,tp,tn,fp,fn,accuracy,balanced_accuracy,precision,recall,specificity,fpr,fnr,f1,mcc,roc_auc,pr_auc,brier
train:threshold_050:original_eval_training_scope,78,0.5,39,39,0,0,1.0,1.0,1.0,1.0,1.0,0.0,0.0,1.0,1.0,1.0,1.0,0.00018688521826547814
dev:threshold_050:original_eval_training_scope,30,0.5,15,14,1,0,0.9666666666666667,0.9666666666666667,0.9375,1.0,0.9333333333333333,0.06666666666666667,0.0,0.967741935483871,0.9354143466934853,1.0,1.0,0.025503808530708702
test:threshold_050:original_eval_training_scope,30,0.5,15,15,0,0,1.0,1.0,1.0,1.0,1.0,0.0,0.0,1.0,1.0,1.0,1.0,0.0026319746836361204
all:threshold_050:original_eval_training_scope,138,0.5,69,68,1,0,0.9927536231884058,0.9927536231884058,0.9857142857142858,1.0,0.9855072463768116,0.014492753623188406,0.0,0.9928057553956835,0.9856107606091623,1.0,0.9999999999999999,0.006222105387355449
train:threshold_dev_selected:original_eval_training_scope,78,0.92,39,39,0,0,1.0,1.0,1.0,1.0,1.0,0.0,0.0,1.0,1.0,1.0,1.0,0.00018688521826547814
dev:threshold_dev_selected:original_eval_training_scope,30,0.92,15,15,0,0,1.0,1.0,1.0,1.0,1.0,0.0,0.0,1.0,1.0,1.0,1.0,0.025503808530708702
test:threshold_dev_selected:original_eval_training_scope,30,0.92,13,15,0,2,0.9333333333333333,0.9333333333333333,1.0,0.8666666666666667,1.0,0.0,0.13333333333333333,0.9285714285714286,0.8744746321952062,1.0,1.0,0.0026319746836361204
all:threshold_dev_selected:original_eval_training_scope,138,0.92,67,69,0,2,0.9855072463768116,0.9855072463768115,1.0,0.9710144927536232,1.0,0.0,0.028985507246376812,0.9852941176470589,0.971422653550444,1.0,0.9999999999999999,0.006222105387355449
