epoch,train_loss,val_loss,val_accuracy,val_product_score,val_clean_human_false_alarm_count,val_clean_human_false_alarm_rate,val_clean_human_accept_count,val_direct_ai_detect_count,val_ai_replay_detect_count,val_human_replay_detect_count,val_human_mixer_detect_count,val_ai_mixer_detect_count,val_partial_detect_count,learning_rate
1,6.845945419357017,2.9954476903922647,0.7884615384615384,0.3966666666666666,9,1.0,0,6,9,9,9,9,6,2e-06
2,6.901891988690477,2.9139373992316933,0.7846153846153846,0.3908333333333333,9,1.0,0,6,9,9,9,8,6,2e-06
3,6.375882902759776,3.0338891216954798,0.8,0.3966666666666666,9,1.0,0,6,9,9,9,9,6,2e-06
4,7.045388826614979,2.928241383878839,0.8115384615384615,0.3966666666666666,9,1.0,0,6,9,9,9,9,6,2e-06
5,6.594856835314721,2.834734616527599,0.8115384615384615,0.3908333333333333,9,1.0,0,6,9,9,9,8,6,2e-06
