{
  "filename": "trump_r6.wav",
  "filepath": "E:\\FYP\\testing_audios\\trump_r6.wav",
  "prediction": "REAL",
  "confidence": 0.8431001890359169,
  "spoof_prob": 0.15689981096408318,
  "decision_score": 0.15689981096408318,
  "pooling": "pct_vote",
  "spoof_prob_mean": 0.19952741265296936,
  "spoof_prob_median": 0.020904194563627243,
  "spoof_prob_trimmed": 0.13069595396518707,
  "spoof_prob_logit_mean": 0.0133209228515625,
  "pct_chunks_above_chunk_threshold": 0.15689981096408318,
  "threshold": 0.65,
  "effective_threshold": 0.7,
  "chunk_threshold": 0.65,
  "vote_threshold": 0.7,
  "attack_type": "bonafide",
  "attack_type_idx": 0,
  "attack_type_conf": 0.8076098561286926,
  "attack_probs": [
    0.8076098561286926,
    0.11712246388196945,
    0.07482728362083435,
    0.00044025832903571427
  ],
  "n_chunks": 529,
  "n_chunks_total": 542,
  "n_chunks_used": 529,
  "vad_min_speech_ratio": 0.4,
  "vad_rms_percentile": 30.0,
  "vad_mode": "file_percentile",
  "vad_db_threshold": -45.0,
  "vad_fallback_all": false,
  "speech_ratio_mean_used": 0.709332528791443,
  "speech_ratio_median_used": 0.6807980049875312,
  "vad_file_rms_threshold": 0.011552895419299603,
  "chunk_spoof_min": 2.7404538707753723e-11,
  "chunk_spoof_p05": 7.361838925135089e-07,
  "chunk_spoof_p50": 0.020904194563627243,
  "chunk_spoof_p95": 0.9527588486671448,
  "chunk_spoof_max": 1.0,
  "chunk_spoof_std": 0.32304173707962036,
  "chunk_rt60_min": 0.0,
  "chunk_rt60_med": 0.0,
  "chunk_rt60_max": 0.0,
  "chunk_snr_min": 0.8208697438240051,
  "chunk_snr_med": 14.78317642211914,
  "chunk_snr_max": 30.389461517333984,
  "chunk_silence_ratio_min": 0.1031746044754982,
  "chunk_silence_ratio_med": 0.1031746044754982,
  "chunk_silence_ratio_max": 0.1031746044754982,
  "env_features": {
    "rt60": 0.0,
    "drr": 0.22070136666297913,
    "snr": 14.78317642211914,
    "background_level": -43.95709228515625,
    "silence_ratio": 0.1031746044754982,
    "spectral_tilt": -0.5662874579429626,
    "spectral_flatness": 0.08130546659231186,
    "spectral_rolloff": 4349.57861328125,
    "cleanliness_score": 0.0,
    "high_freq_content": 0.048928406089544296,
    "background_consistency": 0.7178915739059448,
    "env_stability": 1.0
  },
  "env_reasons": [
    "RT60 \u2248 0.0s \u2192 little/no measurable reverberation (can indicate synthetic or heavily processed audio)."
  ],
  "spec_reasons": [
    "Chunk consistency: spoof prob range [0.000, 1.000] across 529 chunks.",
    "Chunk scores vary a lot \u2192 the model is uncertain or the audio contains mixed-quality segments.",
    "Pooling=pct_vote: mean=0.200, median=0.021, trimmed=0.131, logit_mean=0.013, pct_over_chunk_threshold=0.157",
    "VAD(file_percentile) kept 529/542 chunks (min speech ratio=0.40).",
    "pct_vote thresholds: chunk_threshold=0.650, vote_threshold=0.700."
  ],
  "overall_explanation": "Model predicts REAL (bonafide) with confidence=0.843 (pooling=pct_vote, threshold=0.700)."
}