{
  "filename": "trump_r5.wav",
  "filepath": "E:\\FYP\\testing_audios\\trump_r5.wav",
  "prediction": "REAL",
  "confidence": 0.45856353591160226,
  "spoof_prob": 0.5414364640883977,
  "decision_score": 0.5414364640883977,
  "pooling": "pct_vote",
  "spoof_prob_mean": 0.5767906308174133,
  "spoof_prob_median": 0.7647159099578857,
  "spoof_prob_trimmed": 0.5955376029014587,
  "spoof_prob_logit_mean": 0.80078125,
  "pct_chunks_above_chunk_threshold": 0.5414364640883977,
  "threshold": 0.65,
  "effective_threshold": 0.7,
  "chunk_threshold": 0.65,
  "vote_threshold": 0.7,
  "attack_type": "bonafide",
  "attack_type_idx": 0,
  "attack_type_conf": 0.47800564765930176,
  "attack_probs": [
    0.47800564765930176,
    0.13906246423721313,
    0.3829292058944702,
    2.618180587887764e-06
  ],
  "n_chunks": 543,
  "n_chunks_total": 549,
  "n_chunks_used": 543,
  "vad_min_speech_ratio": 0.4,
  "vad_rms_percentile": 30.0,
  "vad_mode": "file_percentile",
  "vad_db_threshold": -45.0,
  "vad_fallback_all": false,
  "speech_ratio_mean_used": 0.7050605530372963,
  "speech_ratio_median_used": 0.7007481296758105,
  "vad_file_rms_threshold": 0.004275181330740452,
  "chunk_spoof_min": 2.4921962449298007e-06,
  "chunk_spoof_p05": 0.0017492081969976425,
  "chunk_spoof_p50": 0.7647159099578857,
  "chunk_spoof_p95": 0.9999917149543762,
  "chunk_spoof_max": 1.0,
  "chunk_spoof_std": 0.4180137515068054,
  "chunk_rt60_min": 0.0,
  "chunk_rt60_med": 0.0,
  "chunk_rt60_max": 0.0,
  "chunk_snr_min": 1.1828758716583252,
  "chunk_snr_med": 16.027250289916992,
  "chunk_snr_max": 32.17427062988281,
  "chunk_silence_ratio_min": 0.1031746044754982,
  "chunk_silence_ratio_med": 0.1031746044754982,
  "chunk_silence_ratio_max": 0.1031746044754982,
  "env_features": {
    "rt60": 0.0,
    "drr": 0.26317599415779114,
    "snr": 16.027250289916992,
    "background_level": -48.25371551513672,
    "silence_ratio": 0.1031746044754982,
    "spectral_tilt": -0.567788302898407,
    "spectral_flatness": 0.048994943499565125,
    "spectral_rolloff": 3562.43798828125,
    "cleanliness_score": 0.0,
    "high_freq_content": 0.029140422120690346,
    "background_consistency": 0.6529242992401123,
    "env_stability": 0.5
  },
  "env_reasons": [
    "RT60 \u2248 0.0s \u2192 little/no measurable reverberation (can indicate synthetic or heavily processed audio)."
  ],
  "spec_reasons": [
    "Chunk consistency: spoof prob range [0.000, 1.000] across 543 chunks.",
    "Chunk scores vary a lot \u2192 the model is uncertain or the audio contains mixed-quality segments.",
    "Pooling=pct_vote: mean=0.577, median=0.765, trimmed=0.596, logit_mean=0.801, pct_over_chunk_threshold=0.541",
    "VAD(file_percentile) kept 543/549 chunks (min speech ratio=0.40).",
    "pct_vote thresholds: chunk_threshold=0.650, vote_threshold=0.700."
  ],
  "overall_explanation": "Model predicts REAL (bonafide) with confidence=0.459 (pooling=pct_vote, threshold=0.700)."
}