{
  "filename": "trump_r4.wav",
  "filepath": "E:\\FYP\\testing_audios\\trump_r4.wav",
  "prediction": "REAL",
  "confidence": 0.7838709677419355,
  "spoof_prob": 0.2161290322580645,
  "decision_score": 0.2161290322580645,
  "pooling": "pct_vote",
  "spoof_prob_mean": 0.26961833238601685,
  "spoof_prob_median": 0.055285416543483734,
  "spoof_prob_trimmed": 0.21586216986179352,
  "spoof_prob_logit_mean": 0.08203125,
  "pct_chunks_above_chunk_threshold": 0.2161290322580645,
  "threshold": 0.65,
  "effective_threshold": 0.7,
  "chunk_threshold": 0.65,
  "vote_threshold": 0.7,
  "attack_type": "bonafide",
  "attack_type_idx": 0,
  "attack_type_conf": 0.7151764035224915,
  "attack_probs": [
    0.7151764035224915,
    0.19424676895141602,
    0.0861244723200798,
    0.004452151712030172
  ],
  "n_chunks": 620,
  "n_chunks_total": 677,
  "n_chunks_used": 620,
  "vad_min_speech_ratio": 0.4,
  "vad_rms_percentile": 30.0,
  "vad_mode": "file_percentile",
  "vad_db_threshold": -45.0,
  "vad_fallback_all": false,
  "speech_ratio_mean_used": 0.7366342208993645,
  "speech_ratio_median_used": 0.7044887780548629,
  "vad_file_rms_threshold": 0.005325390957295895,
  "chunk_spoof_min": 1.936852385142629e-07,
  "chunk_spoof_p05": 7.130915764719248e-05,
  "chunk_spoof_p50": 0.055285416543483734,
  "chunk_spoof_p95": 0.9708681106567383,
  "chunk_spoof_max": 1.0,
  "chunk_spoof_std": 0.35169875621795654,
  "chunk_rt60_min": 0.0,
  "chunk_rt60_med": 0.0,
  "chunk_rt60_max": 0.0,
  "chunk_snr_min": 1.3843178749084473,
  "chunk_snr_med": 15.081199645996094,
  "chunk_snr_max": 37.59132385253906,
  "chunk_silence_ratio_min": 0.1031746044754982,
  "chunk_silence_ratio_med": 0.1031746044754982,
  "chunk_silence_ratio_max": 0.1031746044754982,
  "env_features": {
    "rt60": 0.0,
    "drr": 0.2329191267490387,
    "snr": 15.081199645996094,
    "background_level": -46.71894836425781,
    "silence_ratio": 0.1031746044754982,
    "spectral_tilt": -0.49544209241867065,
    "spectral_flatness": 0.05233199894428253,
    "spectral_rolloff": 3958.767333984375,
    "cleanliness_score": 0.0,
    "high_freq_content": 0.02629133313894272,
    "background_consistency": 0.7452858686447144,
    "env_stability": 1.0
  },
  "env_reasons": [
    "RT60 \u2248 0.0s \u2192 little/no measurable reverberation (can indicate synthetic or heavily processed audio)."
  ],
  "spec_reasons": [
    "Chunk consistency: spoof prob range [0.000, 1.000] across 620 chunks.",
    "Chunk scores vary a lot \u2192 the model is uncertain or the audio contains mixed-quality segments.",
    "Pooling=pct_vote: mean=0.270, median=0.055, trimmed=0.216, logit_mean=0.082, pct_over_chunk_threshold=0.216",
    "VAD(file_percentile) kept 620/677 chunks (min speech ratio=0.40).",
    "pct_vote thresholds: chunk_threshold=0.650, vote_threshold=0.700."
  ],
  "overall_explanation": "Model predicts REAL (bonafide) with confidence=0.784 (pooling=pct_vote, threshold=0.700)."
}