chunk_index,start_time,end_time,vad_kept,speech_ratio,evaluated,spoof_probability,attack_probs,attack_type,env_features
0,0.0,4.0,False,0.3940149625935162,False,,,,
1,3.0,7.0,True,0.8029925187032418,True,1.0,"[4.951899133798232e-12, 1.0, 1.0006222848564333e-22, 2.640259764321032e-25]",synthesis,"{'rt60': 0.0, 'drr': 0.1599280834197998, 'snr': 5.317072868347168, 'background_level': -21.366138458251953, 'silence_ratio': 0.10317460317460317, 'spectral_tilt': -1.4019753556321053, 'spectral_flatness': 0.004344114568084478, 'spectral_rolloff': 2399.9255952380954, 'cleanliness_score': 0.0, 'high_freq_content': 0.0005872948095202446, 'background_consistency': 0.9820159673690796, 'env_stability': 1.0}"
2,6.0,10.0,True,0.7281795511221946,True,1.0,"[2.901454010384441e-08, 1.0, 6.280535428071455e-16, 5.59778028577239e-15]",synthesis,"{'rt60': 0.0, 'drr': 0.17703334987163544, 'snr': 7.85923433303833, 'background_level': -24.4272518157959, 'silence_ratio': 0.10317460317460317, 'spectral_tilt': -1.2510829729633544, 'spectral_flatness': 0.008796058595180511, 'spectral_rolloff': 2761.904761904762, 'cleanliness_score': 0.0, 'high_freq_content': 0.0007268827757798135, 'background_consistency': 0.8788263201713562, 'env_stability': 1.0}"
3,9.0,13.0,True,0.7830423940149626,True,1.0,"[3.346082166899578e-08, 1.0, 4.10343036066625e-15, 3.795052346108798e-15]",synthesis,"{'rt60': 0.0, 'drr': 0.1910979300737381, 'snr': 7.320535659790039, 'background_level': -22.81754493713379, 'silence_ratio': 0.10317460317460317, 'spectral_tilt': -1.294297950751078, 'spectral_flatness': 0.007416163571178913, 'spectral_rolloff': 2625.9920634920636, 'cleanliness_score': 0.0, 'high_freq_content': 0.0006324272835627198, 'background_consistency': 0.9692203402519226, 'env_stability': 1.0}"
4,12.0,16.0,True,0.5835411471321695,True,1.0,"[5.213744884713378e-07, 0.9999995231628418, 1.4296560896936983e-13, 1.9541081263969168e-13]",synthesis,"{'rt60': 0.0, 'drr': 0.18052761256694794, 'snr': 16.695068359375, 'background_level': -33.93146896362305, 'silence_ratio': 0.10317460317460317, 'spectral_tilt': -1.4166751229639092, 'spectral_flatness': 0.0100290197879076, 'spectral_rolloff': 2317.7083333333335, 'cleanliness_score': 0.0, 'high_freq_content': 0.00029361050110310316, 'background_consistency': 0.5758182406425476, 'env_stability': 1.0}"
