scope,n,tp,tn,fp,fn,accuracy,balanced_accuracy,precision,recall,specificity,fpr,fnr,f1,roc_auc,pr_auc
dev,30,10,17,3,0,0.9,0.925,0.7692307692307693,1.0,0.85,0.15,0.0,0.8695652173913043,0.925,0.8230341880341879
fit_train,312,260,44,8,0,0.9743589743589743,0.9230769230769231,0.9701492537313433,1.0,0.8461538461538461,0.15384615384615385,0.0,0.9848484848484849,0.9997041420118343,0.9999407132910618
test,30,10,16,4,0,0.8666666666666667,0.9,0.7142857142857143,1.0,0.8,0.2,0.0,0.8333333333333334,0.99,0.9833333333333333
testing_audios,23,1,18,2,2,0.8260869565217391,0.6166666666666667,0.3333333333333333,0.3333333333333333,0.9,0.1,0.6666666666666666,0.3333333333333333,0.5,0.4276315789473684
train_original,78,26,44,8,0,0.8974358974358975,0.9230769230769231,0.7647058823529411,1.0,0.8461538461538461,0.15384615384615385,0.0,0.8666666666666667,1.0,0.9999999999999998
