task_name,feature_set,split_method,used_folds,model_type,accuracy,balanced_accuracy,precision,recall,f1,roc_auc,average_precision,brier_score,fabricated_segment_total,fabricated_segment_detected_count,fabricated_segment_detected_rate,outside_segment_total,outside_false_fabricated_count,outside_false_fabricated_rate,metric_scope
partial_fabrication_segment_model,localization,StratifiedGroupKFold,5,logistic_regression_l2,0.8499084388379743,0.8680331877881944,0.5600532479299626,0.8963496036712557,0.6883030181685034,0.9381068592414799,0.7979166258020819,0.10514584105927702,224,200,0.8928571428571429,983,157,0.15971515768056968,cross_validated_experimental_mean
partial_fabrication_segment_model,acoustic,StratifiedGroupKFold,5,logistic_regression_l2,0.479794931873151,0.4722102514122322,0.1660917773607096,0.45981956612432207,0.24211103956521743,0.47582961005612684,0.1811190807201371,0.2623837936011896,224,102,0.45535714285714285,983,504,0.5127161749745677,cross_validated_experimental_mean
partial_fabrication_segment_model,ssl,StratifiedGroupKFold,5,logistic_regression_l2,0.6131730874297379,0.5732884675746482,0.2481359122098338,0.5100199654329817,0.33083241957530596,0.6114303913190454,0.36110639334599026,0.25868254708118865,224,113,0.5044642857142857,983,352,0.358087487283825,cross_validated_experimental_mean
partial_fabrication_segment_model,combined,StratifiedGroupKFold,5,logistic_regression_l2,0.9003699434551617,0.8815147927639199,0.6884217616226508,0.851340216937839,0.7600747200389861,0.9559206228704108,0.8163420478048554,0.07314901123601088,224,190,0.8482142857142857,983,86,0.08748728382502544,cross_validated_experimental_mean
