axis,feature_mode,n_train,n_features,selected_k,phase7_test_balanced_accuracy,phase7_test_fpr,testing_audios_balanced_accuracy,testing_audios_fpr
replay,baseline,144,59,20,0.9666666666666667,0.06666666666666667,0.5634920634920635,0.4444444444444444
mixer,baseline,144,59,20,1.0,0.0,0.45652173913043476,0.08695652173913043
replay,dual,144,61,20,0.9666666666666667,0.06666666666666667,0.5634920634920635,0.4444444444444444
mixer,dual,144,61,20,1.0,0.0,0.45652173913043476,0.08695652173913043
