scope,n,tp,tn,fp,fn,accuracy,balanced_accuracy,precision,recall,specificity,fpr,fnr,f1
dev,40,21,8,2,9,0.725,0.75,0.9130434782608695,0.7,0.8,0.2,0.3,0.7924528301886793
fit_train,304,240,26,0,38,0.875,0.9316546762589928,1.0,0.8633093525179856,1.0,0.0,0.1366906474820144,0.9266409266409267
test,40,21,9,1,9,0.75,0.8,0.9545454545454546,0.7,0.9,0.1,0.3,0.8076923076923077
testing_audios,23,8,6,2,7,0.6086956521739131,0.6416666666666666,0.8,0.5333333333333333,0.75,0.25,0.4666666666666667,0.64
train,104,53,26,0,25,0.7596153846153846,0.8397435897435898,1.0,0.6794871794871795,1.0,0.0,0.32051282051282054,0.8091603053435115
