scope,n,accuracy_exact,unknown_rate,safe_non_clean_rate
train,78,0.6794871794871795,0.0,0.6794871794871795
fit_train,278,0.8633093525179856,0.3129496402877698,0.8633093525179856
dev,30,0.6333333333333333,0.03333333333333333,0.7
test,30,0.6666666666666666,0.0,0.7
testing_audios,15,0.26666666666666666,0.13333333333333333,0.5333333333333333
