{
  "filename": "LA_E_5533937.wav",
  "filepath": "E:\\FYP\\DataSet\\English\\ASVspoof2021_LA_eval\\LA_clips\\LA_E_5533937.wav",
  "prediction": "FAKE",
  "confidence": 0.9999887943267822,
  "spoof_prob": 0.9999887943267822,
  "threshold": 0.5,
  "attack_type": "conversion",
  "attack_type_idx": 2,
  "attack_type_conf": 0.9999936819076538,
  "attack_probs": [
    6.292950274655595e-06,
    3.3663630216729246e-10,
    0.9999936819076538,
    5.91182675200857e-32
  ],
  "n_chunks": 1,
  "env_features": {
    "rt60": 0.0,
    "drr": 0.24672168493270874,
    "snr": 8.2567777633667,
    "background_level": -24.133846282958984,
    "silence_ratio": 0.09876543209876543,
    "spectral_tilt": -0.9157382388578473,
    "spectral_flatness": 0.016112226992845535,
    "spectral_rolloff": 2953.125,
    "cleanliness_score": 0.0,
    "high_freq_content": 0.010396145284175873,
    "background_consistency": 0.5,
    "env_stability": 1.0
  },
  "env_reasons": [
    "RT60 \u2248 0.0s \u2192 little/no measurable reverberation (can indicate synthetic or heavily processed audio).",
    "Background consistency is low (0.50) \u2192 suggests edits or inconsistent environment."
  ],
  "spec_reasons": [
    "Audio fits into one chunk; decision is based on a single 4s window."
  ],
  "overall_explanation": "Model predicts FAKE (spoof_prob=1.000). Most likely attack type: conversion (conf=1.000).",
  "true_label": "spoof",
  "true_attack_type": "synthesis",
  "domain": "LA"
}