{
  "filename": "LA_E_1270525.wav",
  "filepath": "E:\\FYP\\DataSet\\English\\ASVspoof2021_LA_eval\\LA_clips\\LA_E_1270525.wav",
  "prediction": "FAKE",
  "confidence": 0.9999828338623047,
  "spoof_prob": 0.9999828338623047,
  "threshold": 0.5,
  "attack_type": "synthesis",
  "attack_type_idx": 1,
  "attack_type_conf": 0.9999321699142456,
  "attack_probs": [
    6.788305472582579e-05,
    0.9999321699142456,
    1.0545634504532941e-10,
    2.3263295734210487e-09
  ],
  "n_chunks": 1,
  "env_features": {
    "rt60": 0.0,
    "drr": 0.26448655128479004,
    "snr": 9.564899444580078,
    "background_level": -20.716278076171875,
    "silence_ratio": 0.10144927536231885,
    "spectral_tilt": -1.0478809977876278,
    "spectral_flatness": 0.00946473702788353,
    "spectral_rolloff": 2159.4202898550725,
    "cleanliness_score": 0.0,
    "high_freq_content": 0.017072632908821106,
    "background_consistency": 0.7274823784828186,
    "env_stability": 1.0
  },
  "env_reasons": [
    "RT60 \u2248 0.0s \u2192 little/no measurable reverberation (can indicate synthetic or heavily processed audio)."
  ],
  "spec_reasons": [
    "Audio fits into one chunk; decision is based on a single 4s window."
  ],
  "overall_explanation": "Model predicts FAKE (spoof_prob=1.000). Most likely attack type: synthesis (conf=1.000).",
  "true_label": "spoof",
  "true_attack_type": "synthesis",
  "domain": "LA"
}