{
  "filename": "LA_E_6136728.wav",
  "filepath": "E:\\FYP\\DataSet\\English\\ASVspoof2021_LA_eval\\LA_clips\\LA_E_6136728.wav",
  "prediction": "FAKE",
  "confidence": 0.9999964237213135,
  "spoof_prob": 0.9999964237213135,
  "threshold": 0.5,
  "attack_type": "synthesis",
  "attack_type_idx": 1,
  "attack_type_conf": 0.999984622001648,
  "attack_probs": [
    1.5326106222346425e-05,
    0.999984622001648,
    3.2494238411118204e-08,
    1.540466920690875e-10
  ],
  "n_chunks": 1,
  "env_features": {
    "rt60": 0.0,
    "drr": 0.1926008015871048,
    "snr": 11.802738189697266,
    "background_level": -22.38032341003418,
    "silence_ratio": 0.0967741935483871,
    "spectral_tilt": -2.8886877691037753,
    "spectral_flatness": 0.0003150077536702156,
    "spectral_rolloff": 1731.0987903225807,
    "cleanliness_score": 0.0,
    "high_freq_content": 1.9885593616209007e-08,
    "background_consistency": 0.5,
    "env_stability": 1.0
  },
  "env_reasons": [
    "RT60 \u2248 0.0s \u2192 little/no measurable reverberation (can indicate synthetic or heavily processed audio).",
    "Background consistency is low (0.50) \u2192 suggests edits or inconsistent environment."
  ],
  "spec_reasons": [
    "Audio fits into one chunk; decision is based on a single 4s window."
  ],
  "overall_explanation": "Model predicts FAKE (spoof_prob=1.000). Most likely attack type: synthesis (conf=1.000).",
  "true_label": "spoof",
  "true_attack_type": "synthesis",
  "domain": "LA"
}