{
  "filename": "LA_E_6923467.wav",
  "filepath": "E:\\FYP\\DataSet\\English\\ASVspoof2021_LA_eval\\LA_clips\\LA_E_6923467.wav",
  "prediction": "FAKE",
  "confidence": 0.9997262358665466,
  "spoof_prob": 0.9997262358665466,
  "threshold": 0.5,
  "attack_type": "synthesis",
  "attack_type_idx": 1,
  "attack_type_conf": 0.9997230172157288,
  "attack_probs": [
    0.00027694733580574393,
    0.9997230172157288,
    2.134313614732264e-09,
    1.2945265970287778e-09
  ],
  "n_chunks": 1,
  "env_features": {
    "rt60": 0.0,
    "drr": 0.21634235978126526,
    "snr": 10.604496955871582,
    "background_level": -25.01631736755371,
    "silence_ratio": 0.10059171597633136,
    "spectral_tilt": -2.9097810412036025,
    "spectral_flatness": 0.00040310807526111603,
    "spectral_rolloff": 1814.7189349112425,
    "cleanliness_score": 0.0,
    "high_freq_content": 1.5452835455675995e-08,
    "background_consistency": 0.9959064722061157,
    "env_stability": 1.0
  },
  "env_reasons": [
    "RT60 \u2248 0.0s \u2192 little/no measurable reverberation (can indicate synthetic or heavily processed audio)."
  ],
  "spec_reasons": [
    "Audio fits into one chunk; decision is based on a single 4s window."
  ],
  "overall_explanation": "Model predicts FAKE (spoof_prob=1.000). Most likely attack type: synthesis (conf=1.000).",
  "true_label": "spoof",
  "true_attack_type": "synthesis",
  "domain": "LA"
}