{
  "filename": "LA_E_9051728.wav",
  "filepath": "E:\\FYP\\DataSet\\English\\ASVspoof2021_LA_eval\\LA_clips\\LA_E_9051728.wav",
  "prediction": "FAKE",
  "confidence": 0.9999998807907104,
  "spoof_prob": 0.9999998807907104,
  "threshold": 0.5,
  "attack_type": "synthesis",
  "attack_type_idx": 1,
  "attack_type_conf": 0.999998927116394,
  "attack_probs": [
    1.0208009371126536e-06,
    0.999998927116394,
    5.788486552062155e-13,
    1.7754979479917346e-14
  ],
  "n_chunks": 1,
  "env_features": {
    "rt60": 0.0,
    "drr": 0.27001962065696716,
    "snr": 9.21263313293457,
    "background_level": -22.18771743774414,
    "silence_ratio": 0.1038961038961039,
    "spectral_tilt": -2.855048125472476,
    "spectral_flatness": 0.0002928916073869914,
    "spectral_rolloff": 2243.6079545454545,
    "cleanliness_score": 0.0,
    "high_freq_content": 9.625000352286861e-09,
    "background_consistency": 0.5,
    "env_stability": 1.0
  },
  "env_reasons": [
    "RT60 \u2248 0.0s \u2192 little/no measurable reverberation (can indicate synthetic or heavily processed audio).",
    "Background consistency is low (0.50) \u2192 suggests edits or inconsistent environment."
  ],
  "spec_reasons": [
    "Audio fits into one chunk; decision is based on a single 4s window."
  ],
  "overall_explanation": "Model predicts FAKE (spoof_prob=1.000). Most likely attack type: synthesis (conf=1.000).",
  "true_label": "spoof",
  "true_attack_type": "synthesis",
  "domain": "LA"
}