{
  "filename": "LA_E_7640176.wav",
  "filepath": "E:\\FYP\\DataSet\\English\\ASVspoof2021_LA_eval\\LA_clips\\LA_E_7640176.wav",
  "prediction": "FAKE",
  "confidence": 0.9334307909011841,
  "spoof_prob": 0.9334307909011841,
  "threshold": 0.5,
  "attack_type": "synthesis",
  "attack_type_idx": 1,
  "attack_type_conf": 0.9643268585205078,
  "attack_probs": [
    0.03261302039027214,
    0.9643268585205078,
    3.247132553951815e-05,
    0.0030275643803179264
  ],
  "n_chunks": 1,
  "env_features": {
    "rt60": 0.0,
    "drr": 0.27061325311660767,
    "snr": 14.366217613220215,
    "background_level": -22.58533477783203,
    "silence_ratio": 0.09803921568627451,
    "spectral_tilt": -0.19708432514949917,
    "spectral_flatness": 0.10708420723676682,
    "spectral_rolloff": 3033.547794117647,
    "cleanliness_score": 0.0,
    "high_freq_content": 0.3734162747859955,
    "background_consistency": 0.5,
    "env_stability": 0.5
  },
  "env_reasons": [
    "RT60 \u2248 0.0s \u2192 little/no measurable reverberation (can indicate synthetic or heavily processed audio).",
    "Background consistency is low (0.50) \u2192 suggests edits or inconsistent environment."
  ],
  "spec_reasons": [
    "Audio fits into one chunk; decision is based on a single 4s window."
  ],
  "overall_explanation": "Model predicts FAKE (spoof_prob=0.933). Most likely attack type: synthesis (conf=0.964).",
  "true_label": "spoof",
  "true_attack_type": "synthesis",
  "domain": "LA"
}