{
  "filename": "LA_E_9576933.wav",
  "filepath": "E:\\FYP\\DataSet\\English\\ASVspoof2021_LA_eval\\LA_clips\\LA_E_9576933.wav",
  "prediction": "FAKE",
  "confidence": 0.999998927116394,
  "spoof_prob": 0.999998927116394,
  "threshold": 0.5,
  "attack_type": "synthesis",
  "attack_type_idx": 1,
  "attack_type_conf": 0.9999984502792358,
  "attack_probs": [
    1.5324031892305356e-06,
    0.9999984502792358,
    6.384193174113761e-11,
    6.2325802342461795e-15
  ],
  "n_chunks": 1,
  "env_features": {
    "rt60": 0.0,
    "drr": 0.16967427730560303,
    "snr": 10.818004608154297,
    "background_level": -22.790029525756836,
    "silence_ratio": 0.10810810810810811,
    "spectral_tilt": -2.8241919325646188,
    "spectral_flatness": 0.00045424170093610883,
    "spectral_rolloff": 2144.214527027027,
    "cleanliness_score": 0.0,
    "high_freq_content": 1.014557593492782e-08,
    "background_consistency": 0.5,
    "env_stability": 1.0
  },
  "env_reasons": [
    "RT60 \u2248 0.0s \u2192 little/no measurable reverberation (can indicate synthetic or heavily processed audio).",
    "Background consistency is low (0.50) \u2192 suggests edits or inconsistent environment."
  ],
  "spec_reasons": [
    "Audio fits into one chunk; decision is based on a single 4s window."
  ],
  "overall_explanation": "Model predicts FAKE (spoof_prob=1.000). Most likely attack type: synthesis (conf=1.000).",
  "true_label": "spoof",
  "true_attack_type": "synthesis",
  "domain": "LA"
}