{
  "filename": "LA_E_6563443.wav",
  "filepath": "E:\\FYP\\DataSet\\English\\ASVspoof2021_LA_eval\\LA_clips\\LA_E_6563443.wav",
  "prediction": "FAKE",
  "confidence": 0.9999537467956543,
  "spoof_prob": 0.9999537467956543,
  "threshold": 0.5,
  "attack_type": "synthesis",
  "attack_type_idx": 1,
  "attack_type_conf": 0.9999488592147827,
  "attack_probs": [
    5.114169107400812e-05,
    0.9999488592147827,
    5.210368247965391e-11,
    3.9555143015179706e-12
  ],
  "n_chunks": 1,
  "env_features": {
    "rt60": 0.0,
    "drr": 0.31294065713882446,
    "snr": 11.710959434509277,
    "background_level": -26.196584701538086,
    "silence_ratio": 0.10526315789473684,
    "spectral_tilt": -2.713777493296212,
    "spectral_flatness": 0.000610870833043009,
    "spectral_rolloff": 2199.904057017544,
    "cleanliness_score": 0.0,
    "high_freq_content": 1.4732438380349322e-08,
    "background_consistency": 0.5,
    "env_stability": 1.0
  },
  "env_reasons": [
    "RT60 \u2248 0.0s \u2192 little/no measurable reverberation (can indicate synthetic or heavily processed audio).",
    "Background consistency is low (0.50) \u2192 suggests edits or inconsistent environment."
  ],
  "spec_reasons": [
    "Audio fits into one chunk; decision is based on a single 4s window."
  ],
  "overall_explanation": "Model predicts FAKE (spoof_prob=1.000). Most likely attack type: synthesis (conf=1.000).",
  "true_label": "spoof",
  "true_attack_type": "synthesis",
  "domain": "LA"
}