{
  "filename": "LA_E_3235934.wav",
  "filepath": "E:\\FYP\\DataSet\\English\\ASVspoof2021_LA_eval\\LA_clips\\LA_E_3235934.wav",
  "prediction": "FAKE",
  "confidence": 0.9997022747993469,
  "spoof_prob": 0.9997022747993469,
  "threshold": 0.5,
  "attack_type": "synthesis",
  "attack_type_idx": 1,
  "attack_type_conf": 0.9997405409812927,
  "attack_probs": [
    0.00025764413294382393,
    0.9997405409812927,
    1.784115852387913e-06,
    9.7351264827239e-09
  ],
  "n_chunks": 1,
  "env_features": {
    "rt60": 0.0,
    "drr": 0.21596789360046387,
    "snr": 11.131336212158203,
    "background_level": -22.55376434326172,
    "silence_ratio": 0.09836065573770492,
    "spectral_tilt": -1.011513345645843,
    "spectral_flatness": 0.007780744228512049,
    "spectral_rolloff": 2229.7643442622953,
    "cleanliness_score": 0.0,
    "high_freq_content": 0.01054629310965538,
    "background_consistency": 0.5,
    "env_stability": 1.0
  },
  "env_reasons": [
    "RT60 \u2248 0.0s \u2192 little/no measurable reverberation (can indicate synthetic or heavily processed audio).",
    "Background consistency is low (0.50) \u2192 suggests edits or inconsistent environment."
  ],
  "spec_reasons": [
    "Audio fits into one chunk; decision is based on a single 4s window."
  ],
  "overall_explanation": "Model predicts FAKE (spoof_prob=1.000). Most likely attack type: synthesis (conf=1.000).",
  "true_label": "spoof",
  "true_attack_type": "synthesis",
  "domain": "LA"
}