{
  "filename": "LA_E_9645644.wav",
  "filepath": "E:\\FYP\\DataSet\\English\\ASVspoof2021_LA_eval\\LA_clips\\LA_E_9645644.wav",
  "prediction": "FAKE",
  "confidence": 0.9997783303260803,
  "spoof_prob": 0.9997783303260803,
  "threshold": 0.5,
  "attack_type": "synthesis",
  "attack_type_idx": 1,
  "attack_type_conf": 0.9996939897537231,
  "attack_probs": [
    0.00030594569398090243,
    0.9996939897537231,
    6.730859070103179e-08,
    2.6153299970133048e-08
  ],
  "n_chunks": 1,
  "env_features": {
    "rt60": 0.0,
    "drr": 0.23171108961105347,
    "snr": 13.3331298828125,
    "background_level": -30.70123291015625,
    "silence_ratio": 0.10465116279069768,
    "spectral_tilt": -2.9688531926374444,
    "spectral_flatness": 0.002400191966444254,
    "spectral_rolloff": 2145.1671511627906,
    "cleanliness_score": 0.0,
    "high_freq_content": 5.973418204519021e-09,
    "background_consistency": 0.5,
    "env_stability": 1.0
  },
  "env_reasons": [
    "RT60 \u2248 0.0s \u2192 little/no measurable reverberation (can indicate synthetic or heavily processed audio).",
    "Background consistency is low (0.50) \u2192 suggests edits or inconsistent environment."
  ],
  "spec_reasons": [
    "Audio fits into one chunk; decision is based on a single 4s window."
  ],
  "overall_explanation": "Model predicts FAKE (spoof_prob=1.000). Most likely attack type: synthesis (conf=1.000).",
  "true_label": "spoof",
  "true_attack_type": "synthesis",
  "domain": "LA"
}