{
  "filename": "LA_E_3973957.wav",
  "filepath": "E:\\FYP\\DataSet\\English\\ASVspoof2021_LA_eval\\LA_clips\\LA_E_3973957.wav",
  "prediction": "FAKE",
  "confidence": 0.9999315738677979,
  "spoof_prob": 0.9999315738677979,
  "threshold": 0.5,
  "attack_type": "synthesis",
  "attack_type_idx": 1,
  "attack_type_conf": 0.9997554421424866,
  "attack_probs": [
    0.0002444130659569055,
    0.9997554421424866,
    3.5744185389319227e-09,
    1.543816239291118e-07
  ],
  "n_chunks": 1,
  "env_features": {
    "rt60": 0.0,
    "drr": 0.190715029835701,
    "snr": 12.083253860473633,
    "background_level": -26.134748458862305,
    "silence_ratio": 0.10714285714285714,
    "spectral_tilt": -2.8907450618230595,
    "spectral_flatness": 0.00033334855106659234,
    "spectral_rolloff": 2002.3716517857142,
    "cleanliness_score": 0.0,
    "high_freq_content": 9.179857762831034e-09,
    "background_consistency": 0.5,
    "env_stability": 1.0
  },
  "env_reasons": [
    "RT60 \u2248 0.0s \u2192 little/no measurable reverberation (can indicate synthetic or heavily processed audio).",
    "Background consistency is low (0.50) \u2192 suggests edits or inconsistent environment."
  ],
  "spec_reasons": [
    "Audio fits into one chunk; decision is based on a single 4s window."
  ],
  "overall_explanation": "Model predicts FAKE (spoof_prob=1.000). Most likely attack type: synthesis (conf=1.000).",
  "true_label": "spoof",
  "true_attack_type": "synthesis",
  "domain": "LA"
}