{
  "filename": "LA_E_4267095.wav",
  "filepath": "E:\\FYP\\DataSet\\English\\ASVspoof2021_LA_eval\\LA_clips\\LA_E_4267095.wav",
  "prediction": "FAKE",
  "confidence": 0.9999337196350098,
  "spoof_prob": 0.9999337196350098,
  "threshold": 0.5,
  "attack_type": "synthesis",
  "attack_type_idx": 1,
  "attack_type_conf": 0.9998595714569092,
  "attack_probs": [
    0.00014036924403626472,
    0.9998595714569092,
    5.439456662870157e-10,
    1.8440173832345863e-08
  ],
  "n_chunks": 1,
  "env_features": {
    "rt60": 0.0,
    "drr": 0.22729025781154633,
    "snr": 9.568571090698242,
    "background_level": -21.20543670654297,
    "silence_ratio": 0.1044776119402985,
    "spectral_tilt": -2.895385269314584,
    "spectral_flatness": 0.0004270156496204436,
    "spectral_rolloff": 2077.1921641791046,
    "cleanliness_score": 0.0,
    "high_freq_content": 7.538725199651708e-09,
    "background_consistency": 0.5,
    "env_stability": 1.0
  },
  "env_reasons": [
    "RT60 \u2248 0.0s \u2192 little/no measurable reverberation (can indicate synthetic or heavily processed audio).",
    "Background consistency is low (0.50) \u2192 suggests edits or inconsistent environment."
  ],
  "spec_reasons": [
    "Audio fits into one chunk; decision is based on a single 4s window."
  ],
  "overall_explanation": "Model predicts FAKE (spoof_prob=1.000). Most likely attack type: synthesis (conf=1.000).",
  "true_label": "spoof",
  "true_attack_type": "synthesis",
  "domain": "LA"
}