{
  "filename": "LA_E_5350848.wav",
  "filepath": "E:\\FYP\\DataSet\\English\\ASVspoof2021_LA_eval\\LA_clips\\LA_E_5350848.wav",
  "prediction": "FAKE",
  "confidence": 0.9999068975448608,
  "spoof_prob": 0.9999068975448608,
  "threshold": 0.5,
  "attack_type": "synthesis",
  "attack_type_idx": 1,
  "attack_type_conf": 0.9999284744262695,
  "attack_probs": [
    7.15586356818676e-05,
    0.9999284744262695,
    8.214143809581742e-10,
    9.964887942581768e-11
  ],
  "n_chunks": 1,
  "env_features": {
    "rt60": 0.0,
    "drr": 0.18325120210647583,
    "snr": 10.754109382629395,
    "background_level": -22.687349319458008,
    "silence_ratio": 0.09803921568627451,
    "spectral_tilt": -2.856277529256191,
    "spectral_flatness": 0.00029476298368535936,
    "spectral_rolloff": 2307.138480392157,
    "cleanliness_score": 0.0,
    "high_freq_content": 8.448182597931009e-09,
    "background_consistency": 0.5,
    "env_stability": 1.0
  },
  "env_reasons": [
    "RT60 \u2248 0.0s \u2192 little/no measurable reverberation (can indicate synthetic or heavily processed audio).",
    "Background consistency is low (0.50) \u2192 suggests edits or inconsistent environment."
  ],
  "spec_reasons": [
    "Audio fits into one chunk; decision is based on a single 4s window."
  ],
  "overall_explanation": "Model predicts FAKE (spoof_prob=1.000). Most likely attack type: synthesis (conf=1.000).",
  "true_label": "spoof",
  "true_attack_type": "synthesis",
  "domain": "LA"
}