{
  "filename": "LA_E_3437251.wav",
  "filepath": "E:\\FYP\\DataSet\\English\\ASVspoof2021_LA_eval\\LA_clips\\LA_E_3437251.wav",
  "prediction": "FAKE",
  "confidence": 0.9999992847442627,
  "spoof_prob": 0.9999992847442627,
  "threshold": 0.5,
  "attack_type": "synthesis",
  "attack_type_idx": 1,
  "attack_type_conf": 0.9999934434890747,
  "attack_probs": [
    6.527674941025907e-06,
    0.9999934434890747,
    2.0838801130106284e-14,
    2.6453711183399564e-12
  ],
  "n_chunks": 1,
  "env_features": {
    "rt60": 0.0,
    "drr": 0.2321687936782837,
    "snr": 10.496891021728516,
    "background_level": -25.580461502075195,
    "silence_ratio": 0.10483870967741936,
    "spectral_tilt": -2.9254646484860665,
    "spectral_flatness": 0.0006625126698054373,
    "spectral_rolloff": 2029.0448588709678,
    "cleanliness_score": 0.0,
    "high_freq_content": 1.5595476909879835e-08,
    "background_consistency": 0.5,
    "env_stability": 1.0
  },
  "env_reasons": [
    "RT60 \u2248 0.0s \u2192 little/no measurable reverberation (can indicate synthetic or heavily processed audio).",
    "Background consistency is low (0.50) \u2192 suggests edits or inconsistent environment."
  ],
  "spec_reasons": [
    "Audio fits into one chunk; decision is based on a single 4s window."
  ],
  "overall_explanation": "Model predicts FAKE (spoof_prob=1.000). Most likely attack type: synthesis (conf=1.000).",
  "true_label": "spoof",
  "true_attack_type": "synthesis",
  "domain": "LA"
}