{
  "filename": "LA_E_6288791.wav",
  "filepath": "E:\\FYP\\DataSet\\English\\ASVspoof2021_LA_eval\\LA_clips\\LA_E_6288791.wav",
  "prediction": "FAKE",
  "confidence": 0.9893885254859924,
  "spoof_prob": 0.9893885254859924,
  "threshold": 0.5,
  "attack_type": "synthesis",
  "attack_type_idx": 1,
  "attack_type_conf": 0.9951359629631042,
  "attack_probs": [
    0.004791971296072006,
    0.9951359629631042,
    1.942838935065083e-06,
    7.011157140368596e-05
  ],
  "n_chunks": 1,
  "env_features": {
    "rt60": 0.0,
    "drr": 0.15881362557411194,
    "snr": 28.261117935180664,
    "background_level": -55.50300979614258,
    "silence_ratio": 0.0975609756097561,
    "spectral_tilt": -2.6127619648080276,
    "spectral_flatness": 0.00507379649206996,
    "spectral_rolloff": 2687.309451219512,
    "cleanliness_score": 0.0,
    "high_freq_content": 8.894017966554202e-09,
    "background_consistency": 0.5,
    "env_stability": 1.0
  },
  "env_reasons": [
    "RT60 \u2248 0.0s \u2192 little/no measurable reverberation (can indicate synthetic or heavily processed audio).",
    "Background consistency is low (0.50) \u2192 suggests edits or inconsistent environment."
  ],
  "spec_reasons": [
    "Audio fits into one chunk; decision is based on a single 4s window."
  ],
  "overall_explanation": "Model predicts FAKE (spoof_prob=0.989). Most likely attack type: synthesis (conf=0.995).",
  "true_label": "spoof",
  "true_attack_type": "synthesis",
  "domain": "LA"
}