{
  "filename": "LA_E_3261844.wav",
  "filepath": "E:\\FYP\\DataSet\\English\\ASVspoof2021_LA_eval\\LA_clips\\LA_E_3261844.wav",
  "prediction": "FAKE",
  "confidence": 0.9999996423721313,
  "spoof_prob": 0.9999996423721313,
  "threshold": 0.5,
  "attack_type": "synthesis",
  "attack_type_idx": 1,
  "attack_type_conf": 0.9999945163726807,
  "attack_probs": [
    5.507606147148181e-06,
    0.9999945163726807,
    1.7683039912915854e-15,
    7.669608871607725e-12
  ],
  "n_chunks": 1,
  "env_features": {
    "rt60": 0.0,
    "drr": 0.2344563603401184,
    "snr": 7.815484523773193,
    "background_level": -20.650653839111328,
    "silence_ratio": 0.10457516339869281,
    "spectral_tilt": -2.8716090971968895,
    "spectral_flatness": 0.0002531982900109142,
    "spectral_rolloff": 2179.4321895424837,
    "cleanliness_score": 0.0,
    "high_freq_content": 8.295949704972827e-09,
    "background_consistency": 0.9592772126197815,
    "env_stability": 1.0
  },
  "env_reasons": [
    "RT60 \u2248 0.0s \u2192 little/no measurable reverberation (can indicate synthetic or heavily processed audio)."
  ],
  "spec_reasons": [
    "Audio fits into one chunk; decision is based on a single 4s window."
  ],
  "overall_explanation": "Model predicts FAKE (spoof_prob=1.000). Most likely attack type: synthesis (conf=1.000).",
  "true_label": "spoof",
  "true_attack_type": "synthesis",
  "domain": "LA"
}