{
  "filename": "LA_E_2193257.wav",
  "filepath": "E:\\FYP\\DataSet\\English\\ASVspoof2021_LA_eval\\LA_clips\\LA_E_2193257.wav",
  "prediction": "FAKE",
  "confidence": 0.9998633861541748,
  "spoof_prob": 0.9998633861541748,
  "threshold": 0.5,
  "attack_type": "synthesis",
  "attack_type_idx": 1,
  "attack_type_conf": 0.9998855590820312,
  "attack_probs": [
    0.00011434546468080953,
    0.9998855590820312,
    4.9834042670227063e-08,
    1.962704221369904e-09
  ],
  "n_chunks": 1,
  "env_features": {
    "rt60": 0.0,
    "drr": 0.19111347198486328,
    "snr": 9.480424880981445,
    "background_level": -20.82465171813965,
    "silence_ratio": 0.11363636363636363,
    "spectral_tilt": -2.8950261549186544,
    "spectral_flatness": 0.001116058905608952,
    "spectral_rolloff": 2029.296875,
    "cleanliness_score": 0.0,
    "high_freq_content": 2.6893060223187604e-08,
    "background_consistency": 0.5,
    "env_stability": 1.0
  },
  "env_reasons": [
    "RT60 \u2248 0.0s \u2192 little/no measurable reverberation (can indicate synthetic or heavily processed audio).",
    "Background consistency is low (0.50) \u2192 suggests edits or inconsistent environment."
  ],
  "spec_reasons": [
    "Audio fits into one chunk; decision is based on a single 4s window."
  ],
  "overall_explanation": "Model predicts FAKE (spoof_prob=1.000). Most likely attack type: synthesis (conf=1.000).",
  "true_label": "spoof",
  "true_attack_type": "synthesis",
  "domain": "LA"
}