{
  "filename": "LA_E_3663709.wav",
  "filepath": "E:\\FYP\\DataSet\\English\\ASVspoof2021_LA_eval\\LA_clips\\LA_E_3663709.wav",
  "prediction": "FAKE",
  "confidence": 0.9999996423721313,
  "spoof_prob": 0.9999996423721313,
  "threshold": 0.5,
  "attack_type": "conversion",
  "attack_type_idx": 2,
  "attack_type_conf": 0.9999997615814209,
  "attack_probs": [
    2.1765985991351045e-07,
    4.731354197318183e-13,
    0.9999997615814209,
    4.4354739771887705e-40
  ],
  "n_chunks": 1,
  "env_features": {
    "rt60": 0.0,
    "drr": 0.1844954639673233,
    "snr": 10.699749946594238,
    "background_level": -22.870166778564453,
    "silence_ratio": 0.09803921568627451,
    "spectral_tilt": -0.8615419044095697,
    "spectral_flatness": 0.0223569106310606,
    "spectral_rolloff": 3331.954656862745,
    "cleanliness_score": 0.0,
    "high_freq_content": 0.004376514814794064,
    "background_consistency": 0.5,
    "env_stability": 0.5
  },
  "env_reasons": [
    "RT60 \u2248 0.0s \u2192 little/no measurable reverberation (can indicate synthetic or heavily processed audio).",
    "Background consistency is low (0.50) \u2192 suggests edits or inconsistent environment."
  ],
  "spec_reasons": [
    "Audio fits into one chunk; decision is based on a single 4s window."
  ],
  "overall_explanation": "Model predicts FAKE (spoof_prob=1.000). Most likely attack type: conversion (conf=1.000).",
  "true_label": "spoof",
  "true_attack_type": "synthesis",
  "domain": "LA"
}