{
  "filename": "LA_E_5765082.wav",
  "filepath": "E:\\FYP\\DataSet\\English\\ASVspoof2021_LA_eval\\LA_clips\\LA_E_5765082.wav",
  "prediction": "FAKE",
  "confidence": 0.9999606609344482,
  "spoof_prob": 0.9999606609344482,
  "threshold": 0.5,
  "attack_type": "synthesis",
  "attack_type_idx": 1,
  "attack_type_conf": 0.9999346733093262,
  "attack_probs": [
    6.528265657834709e-05,
    0.9999346733093262,
    1.898699419911054e-09,
    1.0818463902495523e-09
  ],
  "n_chunks": 1,
  "env_features": {
    "rt60": 0.0,
    "drr": 0.16674377024173737,
    "snr": 14.760680198669434,
    "background_level": -26.472442626953125,
    "silence_ratio": 0.10869565217391304,
    "spectral_tilt": -2.7918912246508016,
    "spectral_flatness": 0.00042572894017212093,
    "spectral_rolloff": 2090.523097826087,
    "cleanliness_score": 0.0,
    "high_freq_content": 9.154225821816908e-09,
    "background_consistency": 0.5,
    "env_stability": 1.0
  },
  "env_reasons": [
    "RT60 \u2248 0.0s \u2192 little/no measurable reverberation (can indicate synthetic or heavily processed audio).",
    "Background consistency is low (0.50) \u2192 suggests edits or inconsistent environment."
  ],
  "spec_reasons": [
    "Audio fits into one chunk; decision is based on a single 4s window."
  ],
  "overall_explanation": "Model predicts FAKE (spoof_prob=1.000). Most likely attack type: synthesis (conf=1.000).",
  "true_label": "spoof",
  "true_attack_type": "synthesis",
  "domain": "LA"
}