scope,n,tp,tn,fp,fn,accuracy,balanced_accuracy,precision,recall,specificity,fpr,fnr,f1,roc_auc,pr_auc
dev,30,9,18,2,1,0.9,0.9,0.8181818181818182,0.9,0.9,0.1,0.1,0.8571428571428571,0.9249999999999999,0.7572333222333223
fit_train,728,556,155,1,16,0.9766483516483516,0.9828088578088578,0.9982046678635548,0.972027972027972,0.9935897435897436,0.00641025641025641,0.027972027972027972,0.9849424269264836,0.9989801864801865,0.9997205907462794
test,30,7,19,1,3,0.8666666666666667,0.825,0.875,0.7,0.95,0.05,0.3,0.7777777777777778,0.9349999999999999,0.9265079365079364
testing_audios,23,1,18,2,2,0.8260869565217391,0.6166666666666667,0.3333333333333333,0.3333333333333333,0.9,0.1,0.6666666666666666,0.3333333333333333,0.8166666666666667,0.4
train_original,78,24,52,0,2,0.9743589743589743,0.9615384615384616,1.0,0.9230769230769231,1.0,0.0,0.07692307692307693,0.96,1.0,0.9999999999999998
