{
  "filename": "trump_r5.wav",
  "filepath": "E:\\FYP\\testing_audios\\trump_r5.wav",
  "prediction": "FAKE",
  "confidence": 0.5803198218345642,
  "spoof_prob": 0.5803198218345642,
  "threshold": 0.5,
  "attack_type": "bonafide",
  "attack_type_idx": 0,
  "attack_type_conf": 0.47474855184555054,
  "attack_probs": [
    0.47474855184555054,
    0.13883790373802185,
    0.3864108920097351,
    2.6922700726572657e-06
  ],
  "n_chunks": 549,
  "env_features": {
    "rt60": 0.0,
    "drr": 0.46327534317970276,
    "snr": 17.170780181884766,
    "background_level": -49.54087829589844,
    "silence_ratio": 0.10000388289197795,
    "spectral_tilt": -0.5749908345651437,
    "spectral_flatness": 0.05265137925744057,
    "spectral_rolloff": 3569.5574595208514,
    "cleanliness_score": 0.0,
    "high_freq_content": 0.03848076984286308,
    "background_consistency": 0.5101025700569153,
    "env_stability": 0.5
  },
  "env_reasons": [
    "RT60 \u2248 0.0s \u2192 little/no measurable reverberation (can indicate synthetic or heavily processed audio).",
    "Background consistency is low (0.51) \u2192 suggests edits or inconsistent environment."
  ],
  "spec_reasons": [
    "Chunk consistency: spoof prob range [0.000, 1.000] across 549 chunks.",
    "Chunk scores vary a lot \u2192 the model is uncertain or the audio contains mixed-quality segments."
  ],
  "overall_explanation": "Model predicts FAKE (spoof_prob=0.580). Most likely attack type: bonafide (conf=0.475)."
}