{
  "filename": "trump_r3.wav",
  "filepath": "E:\\FYP\\testing_audios\\trump_r3.wav",
  "prediction": "REAL",
  "confidence": 0.5042125729099157,
  "spoof_prob": 0.4957874270900843,
  "decision_score": 0.4957874270900843,
  "pooling": "pct_vote",
  "spoof_prob_mean": 0.5316743850708008,
  "spoof_prob_median": 0.6330133676528931,
  "spoof_prob_trimmed": 0.539114236831665,
  "spoof_prob_logit_mean": 0.6875,
  "pct_chunks_above_chunk_threshold": 0.4957874270900843,
  "threshold": 0.65,
  "effective_threshold": 0.5,
  "chunk_threshold": 0.65,
  "vote_threshold": 0.5,
  "attack_type": "bonafide",
  "attack_type_idx": 0,
  "attack_type_conf": 0.4753116965293884,
  "attack_probs": [
    0.4753116965293884,
    0.23776237666606903,
    0.28682005405426025,
    0.0001052084771799855
  ],
  "n_chunks": 1543,
  "n_chunks_total": 1648,
  "n_chunks_used": 1543,
  "vad_min_speech_ratio": 0.4,
  "vad_rms_percentile": 30.0,
  "vad_mode": "file_percentile",
  "vad_db_threshold": -45.0,
  "vad_fallback_all": false,
  "speech_ratio_mean_used": 0.7232954554637385,
  "speech_ratio_median_used": 0.6658354114713217,
  "vad_file_rms_threshold": 0.08073724061250687,
  "chunk_spoof_min": 5.233371780377638e-08,
  "chunk_spoof_p05": 0.0032935203053057194,
  "chunk_spoof_p50": 0.6330133676528931,
  "chunk_spoof_p95": 0.9999301433563232,
  "chunk_spoof_max": 1.0,
  "chunk_spoof_std": 0.4169539511203766,
  "chunk_rt60_min": 0.0,
  "chunk_rt60_med": 0.0,
  "chunk_rt60_max": 0.0,
  "chunk_snr_min": 0.8595604300498962,
  "chunk_snr_med": 10.898162841796875,
  "chunk_snr_max": 31.981307983398438,
  "chunk_silence_ratio_min": 0.1031746044754982,
  "chunk_silence_ratio_med": 0.1031746044754982,
  "chunk_silence_ratio_max": 0.1031746044754982,
  "env_features": {
    "rt60": 0.0,
    "drr": 0.29314327239990234,
    "snr": 10.898162841796875,
    "background_level": -23.961074829101562,
    "silence_ratio": 0.1031746044754982,
    "spectral_tilt": -0.6460671424865723,
    "spectral_flatness": 0.07433993369340897,
    "spectral_rolloff": 4118.3037109375,
    "cleanliness_score": 0.0,
    "high_freq_content": 0.03674216568470001,
    "background_consistency": 0.8111084699630737,
    "env_stability": 1.0
  },
  "env_reasons": [
    "RT60 \u2248 0.0s \u2192 little/no measurable reverberation (can indicate synthetic or heavily processed audio)."
  ],
  "spec_reasons": [
    "Chunk consistency: spoof prob range [0.000, 1.000] across 1543 chunks.",
    "Chunk scores vary a lot \u2192 the model is uncertain or the audio contains mixed-quality segments.",
    "Pooling=pct_vote: mean=0.532, median=0.633, trimmed=0.539, logit_mean=0.688, pct_over_chunk_threshold=0.496",
    "VAD(file_percentile) kept 1543/1648 chunks (min speech ratio=0.40).",
    "pct_vote thresholds: chunk_threshold=0.650, vote_threshold=0.500."
  ],
  "overall_explanation": "Model predicts REAL (bonafide) with confidence=0.504 (pooling=pct_vote, threshold=0.500)."
}