{
  "filename": "trump_f1.wav",
  "filepath": "E:\\FYP\\testing_audios\\trump_f1.wav",
  "prediction": "FAKE",
  "confidence": 1.0,
  "spoof_prob": 1.0,
  "decision_score": 1.0,
  "pooling": "pct_vote",
  "spoof_prob_mean": 0.9994214177131653,
  "spoof_prob_median": 1.0,
  "spoof_prob_trimmed": 0.9999919533729553,
  "spoof_prob_logit_mean": 1.0,
  "pct_chunks_above_chunk_threshold": 1.0,
  "threshold": 0.65,
  "effective_threshold": 0.5,
  "chunk_threshold": 0.65,
  "vote_threshold": 0.5,
  "attack_type": "conversion",
  "attack_type_idx": 2,
  "attack_type_conf": 0.8090236783027649,
  "attack_probs": [
    0.0012994412099942565,
    0.18967682123184204,
    0.8090236783027649,
    1.7829555887249882e-10
  ],
  "n_chunks": 48,
  "n_chunks_total": 48,
  "n_chunks_used": 48,
  "vad_min_speech_ratio": 0.4,
  "vad_rms_percentile": 30.0,
  "vad_mode": "file_percentile",
  "vad_db_threshold": -45.0,
  "vad_fallback_all": false,
  "speech_ratio_mean_used": 0.6915004156275977,
  "speech_ratio_median_used": 0.713216957605985,
  "vad_file_rms_threshold": 0.01596221886575222,
  "chunk_spoof_min": 0.9776071906089783,
  "chunk_spoof_p05": 0.9991593360900879,
  "chunk_spoof_p50": 1.0,
  "chunk_spoof_p95": 1.0,
  "chunk_spoof_max": 1.0,
  "chunk_spoof_std": 0.0032175960950553417,
  "chunk_rt60_min": 0.0,
  "chunk_rt60_med": 0.0,
  "chunk_rt60_max": 2.1760001182556152,
  "chunk_snr_min": 9.000175476074219,
  "chunk_snr_med": 16.165578842163086,
  "chunk_snr_max": 32.745548248291016,
  "chunk_silence_ratio_min": 0.0,
  "chunk_silence_ratio_med": 0.1031746044754982,
  "chunk_silence_ratio_max": 0.1031746044754982,
  "env_features": {
    "rt60": 0.0,
    "drr": 0.30479079484939575,
    "snr": 16.165578842163086,
    "background_level": -36.31704330444336,
    "silence_ratio": 0.1031746044754982,
    "spectral_tilt": -0.8907961845397949,
    "spectral_flatness": 0.031206130981445312,
    "spectral_rolloff": 2963.355712890625,
    "cleanliness_score": 0.0,
    "high_freq_content": 0.004499780014157295,
    "background_consistency": 0.6108367443084717,
    "env_stability": 1.0
  },
  "env_reasons": [
    "RT60 \u2248 0.0s \u2192 little/no measurable reverberation (can indicate synthetic or heavily processed audio)."
  ],
  "spec_reasons": [
    "Chunk consistency: spoof prob range [0.978, 1.000] across 48 chunks.",
    "Chunk scores are consistent \u2192 model decision is stable across the file.",
    "Pooling=pct_vote: mean=0.999, median=1.000, trimmed=1.000, logit_mean=1.000, pct_over_chunk_threshold=1.000",
    "VAD(file_percentile) kept 48/48 chunks (min speech ratio=0.40).",
    "pct_vote thresholds: chunk_threshold=0.650, vote_threshold=0.500."
  ],
  "overall_explanation": "Model predicts FAKE (decision_score=1.000, pooling=pct_vote, threshold=0.500). Most likely attack type: conversion (conf=0.809)."
}