{
  "filename": "trump_r2.wav",
  "filepath": "E:\\FYP\\testing_audios\\trump_r2.wav",
  "prediction": "FAKE",
  "confidence": 0.6630154639175257,
  "spoof_prob": 0.6630154639175257,
  "decision_score": 0.6630154639175257,
  "pooling": "pct_vote",
  "spoof_prob_mean": 0.6910232305526733,
  "spoof_prob_median": 0.9045659303665161,
  "spoof_prob_trimmed": 0.7366437911987305,
  "spoof_prob_logit_mean": 0.9541015625,
  "pct_chunks_above_chunk_threshold": 0.6630154639175257,
  "threshold": 0.65,
  "effective_threshold": 0.5,
  "chunk_threshold": 0.65,
  "vote_threshold": 0.5,
  "attack_type": "conversion",
  "attack_type_idx": 2,
  "attack_type_conf": 0.47068580985069275,
  "attack_probs": [
    0.31904298067092896,
    0.20524442195892334,
    0.47068580985069275,
    0.005026776343584061
  ],
  "n_chunks": 1552,
  "n_chunks_total": 1610,
  "n_chunks_used": 1552,
  "vad_min_speech_ratio": 0.4,
  "vad_rms_percentile": 30.0,
  "vad_mode": "file_percentile",
  "vad_db_threshold": -45.0,
  "vad_fallback_all": false,
  "speech_ratio_mean_used": 0.7127509833663265,
  "speech_ratio_median_used": 0.669576059850374,
  "vad_file_rms_threshold": 0.08061839640140533,
  "chunk_spoof_min": 2.0967659032644637e-12,
  "chunk_spoof_p05": 0.014716854318976402,
  "chunk_spoof_p50": 0.9045659303665161,
  "chunk_spoof_p95": 0.9999989867210388,
  "chunk_spoof_max": 1.0,
  "chunk_spoof_std": 0.3724365532398224,
  "chunk_rt60_min": 0.0,
  "chunk_rt60_med": 0.0,
  "chunk_rt60_max": 0.0,
  "chunk_snr_min": 0.8310954570770264,
  "chunk_snr_med": 8.974023818969727,
  "chunk_snr_max": 27.91766357421875,
  "chunk_silence_ratio_min": 0.1031746044754982,
  "chunk_silence_ratio_med": 0.1031746044754982,
  "chunk_silence_ratio_max": 0.1031746044754982,
  "env_features": {
    "rt60": 0.0,
    "drr": 0.30690842866897583,
    "snr": 8.974023818969727,
    "background_level": -22.570690155029297,
    "silence_ratio": 0.1031746044754982,
    "spectral_tilt": -0.6157997250556946,
    "spectral_flatness": 0.09604853391647339,
    "spectral_rolloff": 4104.5693359375,
    "cleanliness_score": 0.0,
    "high_freq_content": 0.03716231510043144,
    "background_consistency": 0.8291248083114624,
    "env_stability": 1.0
  },
  "env_reasons": [
    "RT60 \u2248 0.0s \u2192 little/no measurable reverberation (can indicate synthetic or heavily processed audio)."
  ],
  "spec_reasons": [
    "Chunk consistency: spoof prob range [0.000, 1.000] across 1552 chunks.",
    "Chunk scores vary a lot \u2192 the model is uncertain or the audio contains mixed-quality segments.",
    "Pooling=pct_vote: mean=0.691, median=0.905, trimmed=0.737, logit_mean=0.954, pct_over_chunk_threshold=0.663",
    "VAD(file_percentile) kept 1552/1610 chunks (min speech ratio=0.40).",
    "pct_vote thresholds: chunk_threshold=0.650, vote_threshold=0.500."
  ],
  "overall_explanation": "Model predicts FAKE (decision_score=0.663, pooling=pct_vote, threshold=0.500). Most likely attack type: conversion (conf=0.471)."
}