{
  "filename": "trump_r1.wav",
  "filepath": "E:\\FYP\\testing_audios\\trump_r1.wav",
  "prediction": "FAKE",
  "confidence": 0.918918918918919,
  "spoof_prob": 0.918918918918919,
  "decision_score": 0.918918918918919,
  "pooling": "pct_vote",
  "spoof_prob_mean": 0.9302693009376526,
  "spoof_prob_median": 0.9999986886978149,
  "spoof_prob_trimmed": 0.997136652469635,
  "spoof_prob_logit_mean": 1.0,
  "pct_chunks_above_chunk_threshold": 0.918918918918919,
  "threshold": 0.65,
  "effective_threshold": 0.5,
  "chunk_threshold": 0.65,
  "vote_threshold": 0.5,
  "attack_type": "synthesis",
  "attack_type_idx": 1,
  "attack_type_conf": 0.4842154085636139,
  "attack_probs": [
    0.07699917256832123,
    0.4842154085636139,
    0.43878164887428284,
    3.772840955207357e-06
  ],
  "n_chunks": 37,
  "n_chunks_total": 38,
  "n_chunks_used": 37,
  "vad_min_speech_ratio": 0.4,
  "vad_rms_percentile": 30.0,
  "vad_mode": "file_percentile",
  "vad_db_threshold": -45.0,
  "vad_fallback_all": false,
  "speech_ratio_mean_used": 0.7061400552672372,
  "speech_ratio_median_used": 0.7281795511221946,
  "vad_file_rms_threshold": 0.00775165855884552,
  "chunk_spoof_min": 0.046421416103839874,
  "chunk_spoof_p05": 0.3016781806945801,
  "chunk_spoof_p50": 0.9999986886978149,
  "chunk_spoof_p95": 1.0,
  "chunk_spoof_max": 1.0,
  "chunk_spoof_std": 0.2232368439435959,
  "chunk_rt60_min": 0.0,
  "chunk_rt60_med": 0.0,
  "chunk_rt60_max": 0.0,
  "chunk_snr_min": 10.355857849121094,
  "chunk_snr_med": 17.950441360473633,
  "chunk_snr_max": 100.0,
  "chunk_silence_ratio_min": 0.0,
  "chunk_silence_ratio_med": 0.1031746044754982,
  "chunk_silence_ratio_max": 0.1031746044754982,
  "env_features": {
    "rt60": 0.0,
    "drr": 0.309137225151062,
    "snr": 17.950441360473633,
    "background_level": -44.39085006713867,
    "silence_ratio": 0.1031746044754982,
    "spectral_tilt": -0.8746940493583679,
    "spectral_flatness": 0.03943975642323494,
    "spectral_rolloff": 2935.329833984375,
    "cleanliness_score": 0.0,
    "high_freq_content": 0.004658851306885481,
    "background_consistency": 0.6317635774612427,
    "env_stability": 1.0
  },
  "env_reasons": [
    "RT60 \u2248 0.0s \u2192 little/no measurable reverberation (can indicate synthetic or heavily processed audio)."
  ],
  "spec_reasons": [
    "Chunk consistency: spoof prob range [0.046, 1.000] across 37 chunks.",
    "Chunk scores vary a lot \u2192 the model is uncertain or the audio contains mixed-quality segments.",
    "Pooling=pct_vote: mean=0.930, median=1.000, trimmed=0.997, logit_mean=1.000, pct_over_chunk_threshold=0.919",
    "VAD(file_percentile) kept 37/38 chunks (min speech ratio=0.40).",
    "pct_vote thresholds: chunk_threshold=0.650, vote_threshold=0.500."
  ],
  "overall_explanation": "Model predicts FAKE (decision_score=0.919, pooling=pct_vote, threshold=0.500). Most likely attack type: synthesis (conf=0.484)."
}