chunk_index,start_time,end_time,vad_kept,speech_ratio,evaluated,spoof_probability,attack_probs,attack_type,env_features
0,0.0,4.0,False,0.3940149625935162,False,,,,
1,3.0,7.0,True,0.8029925187032418,True,1.0,"[4.951899133798232e-12, 1.0, 1.0163797498837868e-22, 2.766968575069894e-25]",synthesis,"{'rt60': 0.0, 'drr': 0.1599280834197998, 'snr': 5.317072868347168, 'background_level': -21.366138458251953, 'silence_ratio': 0.10317460317460317, 'spectral_tilt': -1.4019753556321053, 'spectral_flatness': 0.004344114568084478, 'spectral_rolloff': 2399.9255952380954, 'cleanliness_score': 0.0, 'high_freq_content': 0.0005872948095202446, 'background_consistency': 0.9820159673690796, 'env_stability': 1.0}"
2,6.0,10.0,True,0.7281795511221946,True,1.0,"[4.653962548673007e-09, 1.0, 2.4881132913174493e-17, 3.001237578957979e-17]",synthesis,"{'rt60': 0.0, 'drr': 0.17703334987163544, 'snr': 7.85923433303833, 'background_level': -24.4272518157959, 'silence_ratio': 0.10317460317460317, 'spectral_tilt': -1.2510829729633544, 'spectral_flatness': 0.008796058595180511, 'spectral_rolloff': 2761.904761904762, 'cleanliness_score': 0.0, 'high_freq_content': 0.0007268827757798135, 'background_consistency': 0.8788263201713562, 'env_stability': 1.0}"
3,9.0,13.0,True,0.7830423940149626,True,1.0,"[8.041325827434775e-09, 1.0, 3.9225897263999636e-16, 5.1453181817084985e-17]",synthesis,"{'rt60': 0.0, 'drr': 0.1910979300737381, 'snr': 7.320535659790039, 'background_level': -22.81754493713379, 'silence_ratio': 0.10317460317460317, 'spectral_tilt': -1.294297950751078, 'spectral_flatness': 0.007416163571178913, 'spectral_rolloff': 2625.9920634920636, 'cleanliness_score': 0.0, 'high_freq_content': 0.0006324272835627198, 'background_consistency': 0.9692203402519226, 'env_stability': 1.0}"
4,12.0,16.0,True,0.5835411471321695,True,1.0,"[3.3400505117242574e-07, 0.9999996423721313, 1.0378191226323094e-13, 2.7073129640355596e-14]",synthesis,"{'rt60': 0.0, 'drr': 0.18052761256694794, 'snr': 16.695068359375, 'background_level': -33.93146896362305, 'silence_ratio': 0.10317460317460317, 'spectral_tilt': -1.4166751229639092, 'spectral_flatness': 0.0100290197879076, 'spectral_rolloff': 2317.7083333333335, 'cleanliness_score': 0.0, 'high_freq_content': 0.00029361050110310316, 'background_consistency': 0.5758182406425476, 'env_stability': 1.0}"
