{
  "filename": "imran_khan_f2.wav",
  "filepath": "E:\\FYP\\testing_audios\\pakistani\\imran_khan_f2.wav",
  "prediction": "REAL",
  "confidence": 0.4444444444444444,
  "spoof_prob": 0.5555555555555556,
  "decision_score": 0.5555555555555556,
  "pooling": "pct_vote",
  "spoof_prob_mean": 0.6148478388786316,
  "spoof_prob_median": 0.8097591400146484,
  "spoof_prob_trimmed": 0.6459138989448547,
  "spoof_prob_logit_mean": 0.892578125,
  "pct_chunks_above_chunk_threshold": 0.5555555555555556,
  "threshold": 0.65,
  "effective_threshold": 0.7,
  "chunk_threshold": 0.75,
  "vote_threshold": 0.7,
  "attack_type": "conversion",
  "attack_type_idx": 2,
  "attack_type_conf": 0.44400060176849365,
  "attack_probs": [
    0.4181315302848816,
    0.13785910606384277,
    0.44400060176849365,
    8.819580216368195e-06
  ],
  "n_chunks": 36,
  "n_chunks_total": 39,
  "n_chunks_used": 36,
  "vad_min_speech_ratio": 0.4,
  "vad_rms_percentile": 40.0,
  "vad_mode": "file_percentile",
  "vad_db_threshold": -45.0,
  "vad_fallback_all": false,
  "speech_ratio_mean_used": 0.6160986422831809,
  "speech_ratio_median_used": 0.6084788029925188,
  "vad_file_rms_threshold": 0.1021047905087471,
  "env_features": {
    "rt60": 0.0,
    "drr": 0.22953177988529205,
    "snr": 9.099837303161621,
    "background_level": -23.57391357421875,
    "silence_ratio": 0.1031746044754982,
    "spectral_tilt": -1.3802165985107422,
    "spectral_flatness": 0.004125571344047785,
    "spectral_rolloff": 1750.9610595703125,
    "cleanliness_score": 0.0,
    "high_freq_content": 0.0020192121155560017,
    "background_consistency": 0.6857886910438538,
    "env_stability": 0.5
  },
  "env_reasons": [
    "RT60 \u2248 0.0s \u2192 little/no measurable reverberation (can indicate synthetic or heavily processed audio)."
  ],
  "spec_reasons": [
    "Chunk consistency: spoof prob range [0.000, 1.000] across 36 chunks.",
    "Chunk scores vary a lot \u2192 the model is uncertain or the audio contains mixed-quality segments.",
    "Pooling=pct_vote: mean=0.615, median=0.810, trimmed=0.646, logit_mean=0.893, pct_over_chunk_threshold=0.556",
    "VAD(file_percentile) kept 36/39 chunks (min speech ratio=0.40).",
    "pct_vote thresholds: chunk_threshold=0.750, vote_threshold=0.700."
  ],
  "overall_explanation": "Model predicts REAL (bonafide) with confidence=0.444 (pooling=pct_vote, threshold=0.700)."
}