{
  "spectrogram": {
    "valid": true,
    "num_samples": 1893919,
    "expected_shape": [
      64,
      400
    ],
    "shape_matches": 1893919,
    "has_nan": 0,
    "has_inf": 0,
    "value_range": {
      "min": -80.0,
      "max": 0.0,
      "mean": -39.11463165283203,
      "std": 31.01302719116211
    },
    "errors": []
  },
  "environmental": {
    "valid": true,
    "num_samples": 1893919,
    "expected_shape": [
      12
    ],
    "shape_matches": 1893919,
    "has_nan": 0,
    "has_inf": 0,
    "value_range": {
      "min": -81.72731018066406,
      "max": 58.54133224487305,
      "mean": -1.1401722431182861,
      "std": 13.846238136291504
    },
    "feature_ranges": {
      "rt60": {
        "min": 0.0,
        "max": 9.791999816894531,
        "mean": 0.462435245513916,
        "std": 1.0796799659729004
      },
      "drr": {
        "min": 0.10302382707595825,
        "max": 0.6472241282463074,
        "mean": 0.21569572389125824,
        "std": 0.05338190868496895
      },
      "snr": {
        "min": 2.8657543659210205,
        "max": 58.54133224487305,
        "mean": 21.153545379638672,
        "std": 13.422406196594238
      },
      "background_level": {
        "min": -81.72731018066406,
        "max": -13.018013000488281,
        "mean": -37.81049346923828,
        "std": 15.609539031982422
      },
      "silence_ratio": {
        "min": 0.0,
        "max": 0.13636364042758942,
        "mean": 0.10436294227838516,
        "std": 0.005463300738483667
      },
      "spectral_tilt": {
        "min": -3.4073009490966797,
        "max": -0.007369337137788534,
        "mean": -1.9671766757965088,
        "std": 0.9903154373168945
      },
      "spectral_flatness": {
        "min": 9.540721293888055e-06,
        "max": 0.23106977343559265,
        "mean": 0.017424123361706734,
        "std": 0.022113731130957603
      },
      "spectral_rolloff": {
        "min": 0.757199764251709,
        "max": 5.8528876304626465,
        "mean": 2.7085366249084473,
        "std": 0.7672468423843384
      },
      "cleanliness_score": {
        "min": 0.0,
        "max": 0.699999988079071,
        "mean": 0.05016499385237694,
        "std": 0.12875565886497498
      },
      "high_freq_content": {
        "min": 2.1649642079069054e-09,
        "max": 0.7487868666648865,
        "mean": 0.005296947434544563,
        "std": 0.015233359299600124
      },
      "background_consistency": {
        "min": 0.36909186840057373,
        "max": 0.9999791383743286,
        "mean": 0.5502243041992188,
        "std": 0.1245483011007309
      },
      "env_stability": {
        "min": 0.5,
        "max": 1.0,
        "mean": 0.8279200196266174,
        "std": 0.23754680156707764
      }
    },
    "errors": []
  },
  "manifest": {
    "valid": true,
    "total_samples": 1893919,
    "has_spectrogram_idx": 1893919,
    "has_environmental_idx": 1893919,
    "has_both": 1893919,
    "missing_spectrogram": 0,
    "missing_environmental": 0,
    "errors": []
  },
  "overall_valid": true
}