window_index,start_time,end_time,prob_class_0,prob_class_1,spoof_score,bonafide_score,predicted_window_risk
0,0.0,4.0375,0.9997934699058533,0.0002065143926301971,0.9997934699058533,0.0002065143926301971,1
1,2.0187,6.0563,0.9999415874481201,5.8403104048920795e-05,0.9999415874481201,5.8403104048920795e-05,1
2,4.0375,8.075,0.9999924898147583,7.488642950193025e-06,0.9999924898147583,7.488642950193025e-06,1
3,6.0563,10.0938,0.9999892711639404,1.076152238965733e-05,0.9999892711639404,1.076152238965733e-05,1
4,8.075,12.1125,0.9998223185539246,0.00017769396072253585,0.9998223185539246,0.00017769396072253585,1
5,10.0938,14.1312,0.999993085861206,6.883749392727623e-06,0.999993085861206,6.883749392727623e-06,1
6,12.1125,16.15,0.9968262910842896,0.0031737249810248613,0.9968262910842896,0.0031737249810248613,1
7,13.6213,17.6588,0.999963641166687,3.637189365690574e-05,0.999963641166687,3.637189365690574e-05,1
