{
  "filename": "imran_khan_f2.wav",
  "filepath": "E:\\FYP\\testing_audios\\pakistani\\imran_khan_f2.wav",
  "prediction": "REAL",
  "confidence": 0.38888888888888884,
  "spoof_prob": 0.6111111111111112,
  "decision_score": 0.6111111111111112,
  "pooling": "pct_vote",
  "spoof_prob_mean": 0.614844560623169,
  "spoof_prob_median": 0.8095327615737915,
  "spoof_prob_trimmed": 0.6459091305732727,
  "spoof_prob_logit_mean": 0.892578125,
  "pct_chunks_above_chunk_threshold": 0.6111111111111112,
  "threshold": 0.65,
  "effective_threshold": 0.7,
  "chunk_threshold": 0.65,
  "vote_threshold": 0.7,
  "attack_type": "conversion",
  "attack_type_idx": 2,
  "attack_type_conf": 0.4440361261367798,
  "attack_probs": [
    0.41814157366752625,
    0.1378135085105896,
    0.4440361261367798,
    8.825410986901261e-06
  ],
  "n_chunks": 36,
  "n_chunks_total": 39,
  "n_chunks_used": 36,
  "vad_min_speech_ratio": 0.4,
  "vad_rms_percentile": 40.0,
  "vad_mode": "file_percentile",
  "vad_db_threshold": -45.0,
  "vad_fallback_all": false,
  "speech_ratio_mean_used": 0.6160986422831809,
  "speech_ratio_median_used": 0.6084788029925188,
  "vad_file_rms_threshold": 0.1021047905087471,
  "env_features": {
    "rt60": 0.0,
    "drr": 0.22953177988529205,
    "snr": 9.099837303161621,
    "background_level": -23.57391357421875,
    "silence_ratio": 0.1031746044754982,
    "spectral_tilt": -1.3802165985107422,
    "spectral_flatness": 0.004125571344047785,
    "spectral_rolloff": 1750.9610595703125,
    "cleanliness_score": 0.0,
    "high_freq_content": 0.0020192121155560017,
    "background_consistency": 0.6857886910438538,
    "env_stability": 0.5
  },
  "env_reasons": [
    "RT60 \u2248 0.0s \u2192 little/no measurable reverberation (can indicate synthetic or heavily processed audio)."
  ],
  "spec_reasons": [
    "Chunk consistency: spoof prob range [0.000, 1.000] across 36 chunks.",
    "Chunk scores vary a lot \u2192 the model is uncertain or the audio contains mixed-quality segments.",
    "Pooling=pct_vote: mean=0.615, median=0.810, trimmed=0.646, logit_mean=0.893, pct_over_chunk_threshold=0.611",
    "VAD(file_percentile) kept 36/39 chunks (min speech ratio=0.40).",
    "pct_vote thresholds: chunk_threshold=0.650, vote_threshold=0.700."
  ],
  "overall_explanation": "Model predicts REAL (bonafide) with confidence=0.389 (pooling=pct_vote, threshold=0.700)."
}