scope,n,tp,tn,fp,fn,accuracy,balanced_accuracy,precision,recall,specificity,fpr,fnr,f1,roc_auc,pr_auc
dev,30,9,20,0,1,0.9666666666666667,0.95,1.0,0.9,1.0,0.0,0.1,0.9473684210526315,0.9550000000000001,0.9526315789473684
fit_train,78,25,52,0,1,0.9871794871794872,0.9807692307692308,1.0,0.9615384615384616,1.0,0.0,0.038461538461538464,0.9803921568627451,1.0,0.9999999999999998
test,30,10,19,1,0,0.9666666666666667,0.975,0.9090909090909091,1.0,0.95,0.05,0.0,0.9523809523809523,1.0,0.9999999999999999
testing_audios,23,4,15,3,1,0.8260869565217391,0.8166666666666667,0.5714285714285714,0.8,0.8333333333333334,0.16666666666666666,0.2,0.6666666666666666,0.9555555555555556,0.885
train_original,78,25,52,0,1,0.9871794871794872,0.9807692307692308,1.0,0.9615384615384616,1.0,0.0,0.038461538461538464,0.9803921568627451,1.0,0.9999999999999998
